name	cost	mv	type	colors	cube_color	section	colorshift	role	in_block	elo	edh	dead	strong	errata	oob	sets	archetypes	note
Opalescence	{2}{W}{W}	4	Enchantment	W	W/U	Azorius WU	W/U	Colorshift>UW; animation engine, half of Opalescence+Humility lock	Out-exception	1313	12838	0	0	0	0	UDS, WC00		Locked colorshift>UW. With Humility every creature 0/0 = board lock
Azor's Elocutors	{3}{W/U}{W/U}	5	Creature — Human Advisor	W, U	W/U	Azorius WU		WU counter alt-win (filibuster → 5 = win); interactive defensive	Out-exception	1174	8282	0	0	0	1	RTR	counter alt-win;lifegain/defensive;proliferate	Out-exception creature: only-in-block wincon for the WU/cleric pillow shell
Enchanted Evening	{3}{W/U}{W/U}	5	Enchantment	W, U	W/U	Azorius WU		Turns all permanents into enchantments; enables Opalescence/Replenish sweep	Out-exception	1127	7932	0	0	1	0	PLST, SHM, SLD		Errata'd ETB mill3+return enchantment. Opalescence = symmetric Armageddon
Teferi's Moat	{3}{W}{U}	5	Enchantment	W, U	W/U	Azorius WU		Color-locked ground stax; on-color gold pillowfort	Out-exception	1276	18433	0	0	0	0	INV, TSB		WU gold pillowfort; shuts a color out of combat. Counts toward Azorius
Dovescape	{3}{W/U}{W/U}{W/U}	6	Enchantment	W, U	W/U	Azorius WU		Noncreature-spell soft-lock making symmetric 1/1 bird wall	Out-exception	1165	11860	0	0	0	0	DIS, GK2, SLD		WU gold; ties into Birds tribal. Symmetric lock — wild build-around
Astral Cornucopia	{X}{X}{X}	0	Artifact		C	Colorless		Charge-counter mana rock (big-red X sink + proliferate target)	N/A	1289	1339	0	0	0	0	BNG, BRR, C16, CM2, EOC, SOC	big-red mana sink;charge counters;proliferate	Pay XXX to bank charge counters; proliferate grows the rock; slow ramp
Lion's Eye Diamond	{0}	0	Artifact		C	Colorless		ritual + discard enabler (tutor combo)	N/A	1610	724	0	0	0	0	MIR, PRM, VMA	gy-storm;storm	Discard hand for 3; enables Infernal Tutor hellbent. ELO 1611 but fragile/blank-ish
Codex Shredder	{1}	1	Artifact		C	Colorless		Lantern win: repeatable mill plus late-game card return.	N/A	1251	2364	0	0	0	0	CMR, PLST, RTR, SLD		Already mills 1/turn solo; the lantern-deck primary clock.
Cursed Scroll	{1}	1	Artifact		C	Colorless		hellbent win-con (repeatable burn)	N/A	1437	26338	0	0	0	0	OLEP, TMP, TPR, VMA, WC98, WC99	hellbent;prison	Empty/1-card hand = reliable 2 dmg; classic hellbent finisher
Expedition Map	{1}	1	Artifact		C	Colorless		Land tutor; fetches utility lands for lock plans.	N/A	1381	446	0	0	0	0	2XM, FDN, J22, LCC, M3C, MM2, PLST, PRM, SLD, ZEN		Fetches Glacial Chasm/Tabernacle utility lands; enables prison toolbox.
Ghoulcaller's Bell	{1}	1	Artifact		C	Colorless		Lantern win: cheap symmetric mill, fuels graveyard themes.	N/A	1208	6378	0	0	0	0	ISD		Already mills each player 1/turn; lantern + self-mill enabler.
Lantern of Insight	{1}	1	Artifact		C	Colorless		Lantern-control core: see tops, enable selective mill lock.	N/A	1270	5648	1	0	1	0	5DN, PLST		Lantern win (#15); errata to mill 1/upkeep, real clock.
Pyxis of Pandemonium	{1}	1	Artifact		C	Colorless		Lantern-style exile clock; symmetric face-down library strip.	N/A	1191	11643	1	0	1	0	THS		Lantern win (#15); errata so exile also mills, real clock.
The Rack	{1}	1	Artifact		C	Colorless	B	empty-opp-hand payoff (prison win)	N/A	1169	16305	0	0	0	0	3ED, 4BB, 4ED, ATQ, DPA, FBB, MB2, PRM, PS11, PTC, SUM, TSB	prison	Punishes empty opp hand behind Bridge; honest clock
Anvil of Bogardan	{2}	2	Artifact		C	Colorless		enabler: each player loots in draw step + no max hand -> feeds punishers	N/A	1312	5301	0	0	0	0	VIS		Symmetric loot; the discard feeds graveyard themes, draw feeds Underworld Dreams.
Coldsteel Heart	{2}	2	Snow Artifact		C	Colorless		Two-mana fixing rock; enters tapped, fixed color.	N/A	1445	2073	0	0	0	0	2X2, C15, CM2, CSP, HA4, J22, PLST		Tapped fixing rock; modest, supports multicolor lock decks.
Contagion Clasp	{2}	2	Artifact		C	Colorless		Proliferate + removal (repeatable counter engine)	N/A	1195	1396	0	0	0	0	DDF, ECC, F11, ONC, PIP, PLST, PRM, SOM, TD2, TSR	counter alt-win;proliferate;removal	ETB shrinks a creature, then repeatable proliferate; cheap counter accelerant
Containment Construct	{2}	2	Artifact Creature — Construct		C	Colorless		discard-recursion engine	Out-exception	1244	1984	0	0	0	1	MSC, NEO, PLST, SOC	gy-storm;madness	Play discarded cards; turns loot into card advantage
Cursed Totem	{2}	2	Artifact		C	Colorless		Hatebear-style lock on creature activated abilities.	N/A	1174	2514	0	0	0	0	6ED, MH2, MIR, WC00		Shuts creature abilities incl. Opposition-style tappers; sideways prison.
Damping Sphere	{2}	2	Artifact		C	Colorless		Anti-ramp and anti-storm tax; curbs degenerate turns.	N/A	1207	4970	0	0	0	0	DMR, DOM		Caps big-mana lands and storm; honest-combo speed-bump.
Defense Grid	{2}	2	Artifact		C	Colorless		Protects your combo turn; taxes opponents' interaction.	N/A	1287	1875	0	0	0	0	8ED, 9ED, BRR, MPS, ULG, WC00		Shields honest-combo turns from counters; asymmetric tax.
Fellwar Stone	{2}	2	Artifact		C	Colorless		Two-mana fixing rock keyed to opponents' lands.	N/A	1447	17	0	0	0	0	4BB, 4ED, 5ED, 9ED, AFC, BLC, BRC, C15, C16, C17, CLB, CM2, CMD, CMM, DMC, DRK, DSC, ECC, ME3, MKC, MOC, MSC, NCC, NEC, ONC, OTC, PLST, PTC, REN, SLD, SOC, TDC, WOC		Untapped fixing rock; mild, period-appropriate, no fast-mana jump.
Howling Mine	{2}	2	Artifact		C	Colorless		classic symmetric extra-draw enabler; tapping it = a real decision	N/A	1264	720	0	0	0	0	10E, 2ED, 30A, 3ED, 4BB, 4ED, 5ED, 6ED, 7ED, 8ED, 9ED, BRR, C16, CED, CEI, CMD, FBB, LEA, LEB, M10, PLST, PS11, PTC, SLD, SUM		Untapped clause = meaningful tap-to-deny choice. Core wheel enabler.
Krark's Thumb	{2}	2	Legendary Artifact		C	Colorless		Coin-flip enabler (flip two, ignore one) — the flip linchpin	N/A	1200	5001	1	0	1	0	MRD, PLST, SLD	coin-flip;counter alt-win enabler	Turns 50/50 into 75/25; backbone of the Chance Encounter package; #12
Mind Stone	{2}	2	Artifact		C	Colorless		Colorless rock that cashes for a card late.	N/A	1358	32	0	0	0	0	10E, 40K, AFC, BLC, BRC, C14, C15, C18, C21, CLB, CM2, CMM, DCI, DD2, DDP, DMR, DSC, FIC, HA1, IMA, JVC, KHC, LCC, LTC, MKC, MOC, ONC, PIP, PLST, PRM, PW21, SOC, WC97, WHO, WOC, WTH, ZNC		Low-power rock; never flooding because it sacs for card.
Mindcrank	{2}	2	Artifact		C	Colorless		Lantern/mill payoff: life loss snowballs into deck-out.	N/A	1293	963	1	0	1	0	CLB, IMA, NPH, SLD		Lantern win (#15); errata to self-mill so it acts alone.
Parallax Inhibitor	{2}	2	Artifact		C	Colorless		Fading-counter refueler (re-arms Parallax / Tangle Wire fades)	N/A	1165	30798	1	0	1	0	NEM	Tangle Wire;fading;stax/prison	Directly extends Tangle Wire (fading 3) + Parallax suite; niche, errata per #12
Prismatic Lens	{2}	2	Artifact		C	Colorless		Filtering rock: colorless or filtered any-color mana.	N/A	1363	1631	0	0	0	0	C18, CMM, E02, EMA, OTC, PLST, TSP, TSR, UMA		Cheap filter rock; smooths colors for build-around decks.
Spawning Pit	{2}	2	Artifact		C	Colorless		Charge-counter sac engine (proliferate target, token sink)	N/A	1268	4245	0	0	0	0	DST, J22, PLST, TD2	charge counters;proliferate;sacrifice	Banks sacs as charge counters; proliferate doubles tokens; grindy
Sphere of Resistance	{2}	2	Artifact		C	Colorless		Symmetric spell tax; slows the whole table evenly.	N/A	1389	8164	0	0	0	0	EXO, MPS, SLD, VMA, WC99		Cheap symmetric tax; good prison glue, low power.
Star Compass	{2}	2	Artifact		C	Colorless		Tapland-style fixing rock keyed to your basics.	N/A	1320	4606	0	0	0	0	8ED, IMA, PLS, PLST, SPG		Slow color fixing; enters tapped, low power by design.
Sundial of the Infinite	{2}	2	Artifact		C	Colorless		End turn before empty-library draw = Stifle for Leveler's draw-step loss (#13)	N/A	1321	2781	0	0	0	0	M12, PLST, TLE	ad-nauseam-combo;combo;high-tide-prison;leveler-sundial;prison;self-mill-deck-out	Spec #13: Stifle the Leveler draw-step loss; non-creature artifact, any era
Throne of Geth	{2}	2	Artifact		C	Colorless		One-shot proliferate via artifact sac (cheap counter burst)	N/A	1201	3696	0	0	0	0	2XM, SOM	counter alt-win;proliferate;sacrifice	Sac an artifact for a free proliferate; cheap kick for alt-win/fade counters
Tsabo's Web	{2}	2	Artifact		C	Colorless		Cantrip land-lock; taxes utility/man-lands, replaces itself.	N/A	1243	19109	0	0	0	0	INV, MB2, WC01		Cantrip soft-lock on utility lands; never a dead draw.
Winter Orb	{2}	2	Artifact		C	Colorless		Classic mana-denial prison; slows everyone to one land/turn.	N/A	1397	3246	0	0	0	0	2ED, 30A, 3ED, 4BB, 4ED, 5ED, CED, CEI, EMA, FBB, LEA, LEB, ME1, PRM, PTC, SLD, SUM, WC97		Core colorless mana-denial; pairs with cheap-rock prison decks.
Crawlspace	{3}	3	Artifact		C	Colorless		Defensive attack cap; only two creatures attack you/combat.	N/A	1323	1435	0	0	0	0	C13, DMR, ULG		Buys time for slow lock/alt-win shells; pure defense.
Crucible of Worlds	{3}	3	Artifact		C	Colorless		Land-recursion engine; enables fetch/sac-land grind value.	N/A	1383	588	0	0	0	0	10E, 2X2, 5DN, J13, M19, MPS, PIP, PM19, PRM, PWOR, SLD		Grindy land recursion; supports Glacial-Chasm/sac-land prison loops.
Pristine Talisman	{3}	3	Artifact		C	Colorless		Lifegain rock; supports grindy prison and Ad-Nauseam life buffer.	N/A	1243	1314	0	0	0	0	BRR, C13, C14, C21, CM2, IMA, LTC, NPH, PNPH, PRM		Slow rock + lifegain; buffers life for Ad Nauseam.
Quicksilver Fountain	{3}	3	Artifact		C	Colorless		Slow Islands-lock engine — grinds every land to Island; classic prison piece	N/A	1127	12729	0	0	0	0	MRD	high-tide-prison	Colorless flood engine; locks foes off colors, fuels High Tide.
Static Orb	{3}	3	Artifact		C	Colorless		Harder Winter Orb; caps untaps at two permanents total.	N/A	1242	5686	0	0	0	0	7ED, MB2, MPS, TMP, WC01		Stronger stasis; rewards low-permanent prison shells.
Storage Matrix	{3}	3	Artifact		C	Colorless		Untap-restriction prison; decision-rich which type untaps.	N/A	1155	13554	0	0	0	0	9ED, UDS		Decision-intensive untap lock; low power, very on-philosophy.
Temple Bell	{3}	3	Artifact		C	Colorless		activated symmetric draw; you control timing of the flood for your punishers	N/A	1232	1963	0	0	0	0	C13, C16, LCC, M11		On-demand draw; fills hands on YOUR turn so Vise/Owl fire before opp empties.
Trinisphere	{3}	3	Artifact		C	Colorless		Hard three-mana floor; very punishing tax effect.	N/A	1345	5012	0	1	0	0	2XM, DST, MPS, PEWK, SLD, V09		Flag too_strong: 3-mana floor can hard-lock low-curve cube.
Worn Powerstone	{3}	3	Artifact		C	Colorless		Tapped two-mana ramp rock for big-mana sinks.	N/A	1377	572	0	0	0	0	40K, C14, C15, C17, C18, CM2, CMM, DDE, EMA, HA7, LCC, LTC, MH3, PLST, PMEI, PZ1, SCD, USG, WC99		Tapped ramp; powers Braids/mana-sink decks without fast-mana jump.
Bottled Cloister	{4}	4	Artifact		C	Colorless		hand-hiding engine (Bridge synergy)	N/A	1192	20772	0	0	0	0	RAV, RVR	prison	Hide hand each opp turn = empty board-hand for Bridge
Darksteel Reactor	{4}	4	Artifact		C	Colorless		Colorless counter alt-win (charge → 20 = win); proliferate payoff	N/A	1166	3914	1	0	1	0	DST, EOC, HA1	charge counters;counter alt-win;proliferate	Cleanest count-to-20 win for proliferate; indestructible; errata per #12
Empowered Autogenerator	{4}	4	Artifact		C	Colorless		Charge-counter ramp battery (proliferate target, escalating mana)	N/A	1292	4166	0	0	0	0	C19, EOC, PLST	big-red mana sink;charge counters;proliferate	Self-growing mana; proliferate jumps it ahead; honest slow build-around
Font of Mythos	{4}	4	Artifact		C	Colorless		heavy enabler: each player draws TWO extra per draw step	N/A	1251	2206	0	0	0	0	CON, PLST, PS11, SLD		Rockets hands past 7 for Ebony Owl; the hardest enabler. Surplus vs Howling Mine.
Otherworld Atlas	{4}	4	Artifact — Book		C	Colorless		charge-counter wheel (counters-matter synergy): each player draws = counters	N/A	1242	7026	0	0	0	0	AVR		Scaling symmetric draw; ties into cube's counters theme + proliferate. Slow build.
Teferi's Puzzle Box	{4}	4	Artifact		C	Colorless		wheel-lock keystone (#14): everyone bottoms hand + redraws each draw step	Out-exception	1230	1904	0	0	0	0	6ED, 7ED, 8ED, 9ED, J22, PLST, SLD, VIS		Keystone forced-wheel; LOCK not free win. Pair with hand-punishers as clock.
Trading Post	{4}	4	Artifact		C	Colorless		Grindy mana-sink value engine (user-named for big-red shell)	N/A	1256	2126	0	0	0	0	BRC, C14, C16, CM2, LTC, M13, M14, MSC, PLST	lifegain;mana sink;value;value engine	User-named: four modal sinks (goats/life/draw); honest grind, no fast value
Leveler	{5}	5	Artifact Creature — Juggernaut		C	Colorless		Empties own library on ETB; combos with deck-out win + Sundial	Out-exception	1200	6741	0	0	0	1	MRD, PLST, TSR	ad-nauseam-combo;combo;high-tide-prison;leveler-sundial;self-mill-deck-out	Artifact CREATURE → Out-exception; empties library for Labman/Jace or Sundial line (#13)
Memory Jar	{5}	5	Artifact		C	Colorless		wheel artifact (storm burst)	N/A	1378	6807	0	0	0	0	AA3, ULG, V10, VMA	storm;wheel	Sac for fresh 7s; one-shot storm/draw burst
Contagion Engine	{6}	6	Artifact		C	Colorless		Proliferate-twice engine + board shrink (top-end counter payoff)	N/A	1254	1802	0	0	0	0	OTP, PLST, SLD, SOM	counter alt-win;proliferate;removal	Double-proliferate engine; jumps alt-win counters and Tangle Wire fades fast
Mirror Universe	{6}	6	Artifact		C	Colorless		Headline finisher: get low (Death's Shadow shell), swap totals away. One-shot, sacrifices itself.	N/A	1195	21840	0	0	0	0	LEG, ME1, OLEP		Named anchor. Non-creature artifact, era ok. Honest one-shot life swap.
Soul Conduit	{6}	6	Artifact		C	Colorless		Repeatable Mirror Universe: {6} to swap two players' totals. Slow colorless life-swap finisher.	N/A	1137	12576	0	0	0	0	NPH		Repeatable but {6}/use = honest, slow. Colorless backup to Mirror Universe; not a free engine.
Possessed Portal	{8}	8	Artifact		C	Colorless		Top-end hard lock: stops draws, grinds board to zero.	N/A	1140	16744	0	0	0	0	5DN		Fragile 8-mana payoff lock; expensive enough to stay fair.
Glimpse the Unthinkable	{U}{B}	2	Sorcery	U, B	U/B	Dimir UB		Gold mill payoff — big chunk mill to pair with Brain Freeze deck-out plan	N/A	1248	5206	0	0	0	0	2X2, GK1, HA6, IMA, PRM, RAV	high-tide-prison;mill-storm	Dimir mill payoff to back up Brain Freeze; possibly redundant.
Mind Funeral	{1}{U}{B}	3	Sorcery	U, B	U/B	Dimir UB		Gold mill payoff — variable big mill; alternate Dimir deck-out angle	N/A	1153	9437	0	0	0	0	ARB, MMA, PLST	high-tide-prison;mill-storm	Dimir mill; surplus mill payoff alongside Brain Freeze.
Phyrexian Tyranny	{U}{B}{R}	3	Enchantment	U, B, R	U/B	Dimir UB	U/B	draw-punisher tax: each draw costs opp 2 life unless they pay {2}	N/A	1043	8022	0	0	0	0	2X2, PLS, PLST		Printed Grixis; COLORSHIFT->U/B drop the R pip. Symmetric tax; very low elo (1043).
Squandered Resources	{B}{G}	2	Enchantment	B, G	B/G	Golgari BG		Burst-mana sink fuel (sac lands for big X / combo turns)	N/A	1254	5386	0	0	0	0	OLEP, VIS	big-mana sink;ritual;sacrifice	Cross-ref Tangle Wire/Parallax: dump lands for explosive X-spell turns
Smokestack	{4}	4	Artifact		B/G	Golgari BG	BG	Colorshifted prison: symmetric sacrifice engine on soot counters.	Out-exception	1271	8374	0	0	0	1	MB2, PLST, SLC, USG, V14, VMA		Locked >BG; BG moves/removes counters; soot-counter sac lock.
Fevered Visions	{1}{U}{R}	3	Enchantment	U, R	U/R	Izzet UR		self-contained wheel-punisher: each player draws EOT, opp takes 2 if 4+ cards	N/A	1156	4362	0	0	0	0	PSOI, SIR, SOI, TLE		Printed UR gold (no shift). Engine + clock in one card; bleeds into UR guild slot.
Stitch in Time	{1}{U}{R}	3	Sorcery	U, R	U/R	Izzet UR		Coin-flip extra turn (Izzet flip payoff)	N/A	1192	5040	0	0	0	0	GK1, GPT, RVR, SLD	coin-flip;extra turn	50/50 extra turn (75% with Thumb); Izzet UR flip card; spent-on-cast
Geier Reach Sanitarium		0	Legendary Land		Land	Land		manland enabler: symmetric loot on a land; uncounterable wheel pressure	N/A	1196	431	0	0	0	0	AFC, C19, CMM, DMC, EMN, LCC, PEMN, SIR, SLD		Land-slot enabler; loots for graveyard + feeds Underworld Dreams. Hard to remove.
Glacial Chasm		0	Land		Land	Land		Cumulative-upkeep age-counter pillow-fort land (buys time for slow wins)	N/A	1291	2181	0	0	0	0	ICE, ME2, V12	alt-win enabler;cumulative-upkeep/age;pillow-fort	Total damage immunity for escalating life cost; shields the count-to-win clocks
Hall of Heliod's Generosity		0	Legendary Land		Land	Land		Repeatable enchantment recursion from GY (mana-light Replenish trickle)	Out-exception	1168	418	0	0	0	0	DSC, H1R, MH1, PRM, WOC		Land slot; grindy single-enchant recursion. Belongs in Land section, not WU
Karn's Bastion		0	Land		Land	Land		Repeatable proliferate land (counter-package engine)	N/A	1170	202	0	0	0	0	CMM, EOC, LCC, MOC, NCC, ONC, PRM, PWAR, RVR, SLD, WAR	Tangle Wire;counter alt-win;proliferate	Colorless repeatable proliferate; powers Braid age / Tangle Wire fade / alt-wins
Mage-Ring Network		0	Land		Land	Land		Storage-counter mana battery (Braid of Fire payoff / big-red sink)	N/A	1129	4180	0	0	0	0	C21, CMM, ORI, UMA	big-red mana sink;proliferate;ramp	Stores mana into counters; proliferate-able; banks Braid of Fire's R surplus
Mikokoro, Center of the Sea		0	Legendary Land		Land	Land		land-slot symmetric draw pump; floods hands for the punisher suite	N/A	1161	1160	0	0	0	0	A25, C21, DMC, SOK		Colorless land version of Temple Bell; redundant-axis, surplus land option.
Cabal Pit		0	Land		B	Mono-B		threshold removal land (in-block)	N/A	1128	6399	0	0	0	0	ODY, PLST	control;gy-storm	B + self-ping (life-loss synergy); threshold -2/-2
Dakmor Salvage		0	Land		B	Mono-B		dredge land (self-mill + retrace fuel)	N/A	1194	1281	0	0	0	0	DDJ, EOC, FUT, M3C, MMA, UMA	gy-storm	Dredge 2 self-mill; recurs for Raven's Crime retrace
Polluted Mire		0	Land		B	Mono-B		cycling land (discard synergy)	N/A	1192	4011	0	0	0	0	40K, ATH, BRB, BTD, C14, C15, CMA, DDD, DMR, GVL, PD3, USG	gy-storm	B source; cycling = discard trigger for Faith/Shadow
Profane Tutor		0	Sorcery	B	B	Mono-B		slow tutor (suspend 2)	N/A	1395	1639	0	0	0	0	MH2, PMH2, PRM	storm	Blank turn-of-cast; slow = low-power tutor
Accursed Centaur	{B}	1	Creature — Zombie Centaur	B	B	Mono-B		Aggressive 2/2 for B with sac-a-creature cost; cheap body + intentional fodder-feed	ONS-block	1058	22752	0	0	0	0	ONS		2/2 for B; ETB sac feeds death-triggers (turn drawback to fuel)
Black Vise	{1}	1	Artifact		B	Mono-B	B	the clock: X = hand size - 4 to a chosen opponent each upkeep	N/A	1370	10758	0	0	0	0	2ED, 30A, 3ED, 4BB, 4ED, CED, CEI, FBB, LEA, LEB, MB2, ME3, MPS, PTC, SUM, V10		COLORSHIFT->B per package. Iconic clock vs flooded hands. Turn-1 piece.
Blood Celebrant	{B}	1	Creature — Human Cleric	B	B	Mono-B		1-drop life-for-any-color ritual body; fixing/sac-fodder Cleric; fragile combo enabler	ONS-block	1225	5729	0	0	0	0	LGN		Cleric fodder + any-color fixing; enables splashes/alt-win combos
Bond of Agony	{X}{B}	1	Sorcery	B	B	Mono-B		Pure life-as-resource burn: pay X life, each opponent loses X. Honest one-shot.	N/A	1189	14880	0	0	0	0	DIS		Named. Spell, life stapled to it. Great with Transcendence / survive-at-0.
Cabal Trainee	{B}	1	Creature — Human Minion	B	B	Mono-B		1-drop sac fodder + free self-sac outlet (combat trick); aristocrats/Smokestack-BG enabler	ODY-block	1201	27713	0	0	0	0	JUD		Cheap body that sacrifices itself; fodder + combat blowout
Culling the Weak	{B}	1	Instant	B	B	Mono-B		sac ritual	N/A	1353	569	0	0	0	0	EXO, MB2, PMEI, SLD, SOA	storm	Sac creature -> BBBB; storm w/ token chaff
Dark Ritual	{B}	1	Instant	B	B	Mono-B		Ritual fuel — +2 mana and +1 storm count to power the combo turn	N/A	1459	34	0	0	0	0	2ED, 30A, 3ED, 40K, 4BB, 4ED, 5ED, A25, BRB, BTD, CED, CEI, CST, DDC, DDE, DKM, DVD, FBB, FCA, G09, HOP, ICE, ITP, J21, LEA, LEB, MB2, ME4, MIR, MMQ, MP2, MSC, PLST, PMEI, PRM, PTC, RQS, SLD, SLP, STA, SUM, TMC, TMP, TPR, USG, V13, VMA, WC01, WC99	adnauseam-storm;storm	Fast mana, but intended fragile-payoff fuel (#5); 1 copy only, no LED-tier mana
Death's Shadow	{B}	1	Creature — Avatar	B	B	Mono-B		life-loss payoff beater (spec #11)	Out-exception	1204	8283	0	0	0	1	2XM, HA4, MB2, MM3, SCH, SLD, SLP, WWK	aggro;combo	Out-exc: spec #11 names it; huge when life low (Bridge/rituals)
Demonic Consultation	{B}	1	Instant	B	B	Mono-B		Cheap dig that self-exiles 6+ cards — tutor AND a self-mill toward deck-out	N/A	1536	852	0	0	0	0	ICE, MB2, ME2, SLC, SLD	adnauseam-storm;self-mill-deck-out	Efficient but self-mill risk is the cost; doubles as deck-out enabler for Labman
Entrails Feaster	{B}	1	Creature — Zombie Cat	B	B	Mono-B		1-drop GY-hate that grows by exiling creatures; slow incremental threat; Zombie	ONS-block	1168	23021	0	0	0	0	ONS		Grindy 1-drop; soft GY-hate; punishes reanimator/threshold mirrors
Font of Agonies	{B}	1	Enchantment	B	B	Mono-B		Blood-counter payoff for paying life: every life payment fuels repeatable creature removal.	N/A	1187	5518	0	0	0	0	PRNA, RNA		Named (Phyrexian-mana / pay-life payoff). Counters-matter. Needs pay-life enablers to fire.
One with Nothing	{B}	1	Instant	B	B	Mono-B		engine: empty-hand enabler / storm loop	N/A	1055	16807	1	0	1	0	PLST, SOK	gy-storm;hellbent	Errata to drain per card discarded; loops w/ Shadow of the Grave
Postmortem Lunge	{X}{B/P}	1	Sorcery	B	B	Mono-B		Phyrexian-mana reanimation: pay 2 life to flash back a creature for a turn. Life-as-resource tempo.	N/A	1260	18125	0	0	0	0	NPH		Non-creature; Phyrexian-mana pay-life. Named-category (Phyrexian-mana) enabler.
Putrid Imp	{B}	1	Creature — Zombie Imp	B	B	Mono-B		discard outlet (1-drop, threshold)	ODY-block	1276	5159	0	0	0	0	PD3, TOR, VMA	gy-storm;madness	Premier block self-discard outlet; threshold flyer
Quest for the Nihil Stone	{B}	1	Enchantment	B	B	Mono-B		empty-opp-hand payoff	N/A	1195	10281	0	0	0	0	PLST, WWK	hellbent;prison	Discard punisher -> 5 life loss when opp hellbent
Raven's Crime	{B}	1	Sorcery	B	B	Mono-B		recurring discard (retrace)	N/A	1193	15296	0	0	0	0	EVE, MMA, PLST	control;hellbent	Retrace via land discard; grindy w/ Dakmor + Faith
Shrieking Affliction	{B}	1	Enchantment	B	B	Mono-B		empty-opp-hand payoff	N/A	1164	11028	0	0	0	0	RTR	prison	Opp <=1 card -> lose 3; closes discard-lock games
Songs of the Damned	{B}	1	Instant	B	B	Mono-B		Graveyard ritual — explosive mana off a full yard, storm-count fuel	N/A	1203	3244	0	0	0	0	ICE, ME2, UMA	adnauseam-storm;graveyard-storm;gy-storm;storm	Needs a full yard → fragile, build-around; bridges to graveyard-storm theme
Spoils of the Vault	{B}	1	Instant	B	B	Mono-B		Dig to a combo piece, paying life — pairs with Phyrexian Unlife / Ad Nauseam	N/A	1192	22254	0	0	0	0	MRD, UMA	adnauseam-modern-draw-out;adnauseam-storm;life-loss	Spec-named tutor; self-mill + life loss = on-theme fragile dig, not a staple
Zombie Cannibal	{B}	1	Creature — Zombie	B	B	Mono-B		1-drop Zombie with combat GY-exile; tribal + soft GY-hate; cheap aggressive body	ODY-block	1130	25329	0	0	0	0	ODY		Aggro Zombie 1-drop; incidental GY disruption on connect
Asylum Visitor	{1}{B}	2	Creature — Vampire Wizard	B	B	Mono-B		madness creature + hellbent draw	Out-exception	1272	7118	0	0	0	1	C19, INR, J21, PSOI, SOI	hellbent;madness	Out-exc: madness + empty-hand draw payoff; no block equiv
Bloodcurdler	{1}{B}	2	Creature — Horror	B	B	Mono-B		Self-mill threshold enabler; flyer that fuels GY-storm/threshold; cheap engine	ODY-block	1166	26247	0	0	0	0	ODY		Self-mill turns on threshold for whole deck; flying clock
Boneknitter	{1}{B}	2	Creature — Zombie Cleric	B	B	Mono-B		Zombie/Cleric glue; regenerates Zombies (protects sac engine); morph; tribal support	ONS-block	1137	20099	0	0	0	0	ONS		Protects Zombie tokens; both a Cleric AND Zombie for tribal
Cabal Interrogator	{1}{B}	2	Creature — Zombie Wizard	B	B	Mono-B		Repeatable scalable targeted discard on a Zombie body; hand-attack engine; tribal	ONS-block	1241	22595	0	0	0	0	SCG		Turn-by-turn Mind Rot on a stick; pressures hands slowly
Cabal Ritual	{1}{B}	2	Instant	B	B	Mono-B		Threshold ritual fuel — big mana late, storm-count enabler	ODY-block	1322	467	0	0	0	0	MB2, SLD, TOR, V16, VMA	adnauseam-storm;gy-storm;storm	In-block (TOR) ritual; threshold rewards graveyard-storm; fuel for combo turn
Chain of Smog	{1}{B}	2	Sorcery	B	B	Mono-B		discard 2 (copyable)	N/A	1405	3111	0	0	0	0	ONS, PLST	control	Strip 2; ELO 1405 but no infinite engine present here
Collective Brutality	{1}{B}	2	Sorcery	B	B	Mono-B		escalate discard (modal)	N/A	1368	11710	0	0	0	0	EMN, INR, PEMN, PLST, SIR, SLD	control;hellbent	Discard to escalate; drain+disrupt, fuels GY
Consumptive Goo	{B}{B}	2	Creature — Ooze	B	B	Mono-B		Repeatable -1/-1 plague pinger that grows; mana-sink removal; slow attrition engine	ONS-block	1258	22654	0	0	0	0	SCG		User-named plague; grinds small creatures down; honest BB-heavy cost
Ebony Owl Netsuke	{2}	2	Artifact		B	Mono-B	B	flooded-hand punisher: 4 dmg if an opponent has 7+ cards in hand	N/A	1164	12804	0	0	0	0	SOK		COLORSHIFT->B. Big payoff when Puzzle Box/Font/Memory Jar flood hands to 7+.
False Cure	{B}{B}	2	Instant	B	B	Mono-B		In-block one-shot anti-lifegain punisher: their lifegain costs them 2 life each. Surprise blowout.	ONS-block	1140	16453	0	0	0	0	ONS		In-block (ONS) instant. Niche but on-theme; rewards reading opponent lifegain.
Frightcrawler	{1}{B}	2	Creature — Horror	B	B	Mono-B		Threshold evasive beater; 1/1 fear that becomes 3/3 with GY online; aggressive GY payoff	ODY-block	1179	24725	0	0	0	0	ODY		Unblockable threshold clock; payoff for self-mill aggro
Infernal Tutor	{1}{B}	2	Sorcery	B	B	Mono-B		Hellbent tutor — finds the combo piece when hand is empty (storm-natural)	N/A	1237	16268	0	0	0	0	DIS, J20, RVR	adnauseam-storm;hellbent;storm	Conditional tutor (needs empty hand / a duplicate) → fragile, build-around
Liliana's Caress	{1}{B}	2	Enchantment	B	B	Mono-B		discard punisher (life loss)	N/A	1180	2456	0	0	0	0	M11, PLST	prison;wheel	Opp discard -> -2 life; wheel payoff
Night's Whisper	{1}{B}	2	Sorcery	B	B	Mono-B		Card draw at life cost + storm count; pre-combo dig	N/A	1305	185	0	0	0	0	5DN, DDM, DMC, DSC, ECC, EMA, EOC, FIC, J25, LTC, MOC, MSC, ONC, PLST, PW24, SLD, SOC, VOC	adnauseam-storm;life-loss	Redundant with Sign in Blood (singleton: keep both, both find homes)
Shadow of the Grave	{1}{B}	2	Instant	B	B	Mono-B		engine: refill discarded/cycled hand	N/A	1232	8736	0	0	0	0	AKH, AKR, PAKH	gy-storm;hellbent	Loops One With Nothing/cycling; storm fuel + hand refill
Sickening Dreams	{1}{B}	2	Sorcery	B	B	Mono-B		discard-X sweeper + drain (in-block)	N/A	1249	14220	0	0	0	0	PD3, TOR, WC03	gy-storm;hellbent	Discard X = X dmg all; storm/hellbent board wipe + reach
Sign in Blood	{B}{B}	2	Sorcery	B	B	Mono-B		Card draw at life cost + storm count; pre-combo dig	N/A	1420	6675	0	0	0	0	PSOS, SOS	adnauseam-storm;life-loss	Cheap draw + storm; life-loss synergy with Phyrexian Unlife / Mirror Universe deck
Smallpox	{B}{B}	2	Sorcery	B	B	Mono-B		symmetric resource denial	N/A	1237	5533	0	0	0	0	CNS, DDR, M12, SOA, TSP, TSR	hellbent;prison	You go hellbent + life-loss; powers Ensnaring Bridge plan
Tainted Pact	{1}{B}	2	Instant	B	B	Mono-B		library-thinning combo (in-block)	N/A	1386	794	0	0	0	0	ODY, STA	combo	ODY! Empties library for Lab Maniac/Lightning Storm line
Tavern Swindler	{1}{B}	2	Creature — Human Rogue	B	B	Mono-B		Coin-flip life sink: pay 3 life, flip to gain 6. Life-as-resource + the cube's coin-flip theme.	Out-exception	1070	11902	0	0	0	1	BBD, DDM, IMA, M21, PLST, RTR, SNC		Out-of-block creature; rare double-theme fit (life + coin-flip). Very low power.
Vault Skirge	{1}{B/P}	2	Artifact Creature — Phyrexian Imp	B	B	Mono-B		Phyrexian-mana lifelink flyer: cast for 2 life, then trickle life back. Life-as-resource curve filler.	Out-exception	1303	11596	0	0	0	1	DCI, HA5, NPH, PRM		Out-of-block creature; Phyrexian-mana pay-life + lifelink. Elo higher; trim if needed.
Waste Not	{1}{B}	2	Enchantment	B	B	Mono-B		wheel payoff engine	N/A	1259	1254	0	0	0	0	C16, HA2, M15, SLD, TMC, WOT	wheel	Opp discard -> tokens/mana/cards; best w/ Windfall/wheels
Aphetto Exterminator	{2}{B}	3	Creature — Human Wizard	B	B	Mono-B		Morph -3/-3 removal tempo trick; blowout combat; flexible body; honest one-shot	ONS-block	1217	24685	0	0	0	0	LGN, PLST		Unmorph = surprise -3/-3; morph adds decision depth
Bitter Ordeal	{2}{B}	3	Sorcery	B	B	Mono-B		Gravestorm kill — exile opponent's library card per permanent that died	Out-exception	1230	13915	0	0	0	0	FUT	adnauseam-storm;graveyard-storm	Non-creature → any-era OK; gravestorm mill kill, bridges to graveyard-storm theme
Bottomless Pit	{1}{B}{B}	3	Enchantment	B	B	Mono-B		symmetric random discard	N/A	1183	5475	0	0	0	0	SLD, STH	hellbent;prison	Per-upkeep discard; redundant Necrogen but random
Cabal Archon	{2}{B}	3	Creature — Human Cleric	B	B	Mono-B		Aristocrats sac-outlet/drain engine; Cleric payoff; BG Smokestack-Golgari sac fodder converter	ONS-block	1104	21040	0	0	0	0	ONS		Free repeatable sac outlet + drain; honest grindy aristocrats win-con
Cabal Torturer	{1}{B}{B}	3	Creature — Human Minion	B	B	Mono-B		Repeatable -1/-1 plague pinger; threshold upgrades to -2/-2; GY payoff removal	ODY-block	1169	26342	0	0	0	0	TOR		-1/-1 plague tapper; threshold scales it; cheap repeatable
Dark Prophecy	{B}{B}{B}	3	Enchantment	B	B	Mono-B		Aristocrats pay-life draw: creatures dying draw cards and bleed your life as a resource.	N/A	1207	4239	0	0	0	0	M14		Non-creature. Triple-black greed; pairs with weak sac fodder.
Dark Tutelage	{2}{B}	3	Enchantment	B	B	Mono-B		Passive life-as-resource card advantage: reveal top, draw, lose life = its MV. Self-lowering.	N/A	1191	5750	0	0	0	0	M11, WOT		Non-creature. Variable lifeloss feeds Death's Shadow / Font of Agonies.
Doomsday	{B}{B}{B}	3	Sorcery	B	B	Mono-B		combo build-around (alt-win)	N/A	1278	5645	0	0	0	0	6ED, A25, MB2, MP2, MSC, PLST, PRM, SLD, WTH	combo	5-card pile -> Lab Maniac/Tendrils kill; fragile sorcery
Ebonblade Reaper	{2}{B}	3	Creature — Human Cleric	B	B	Mono-B		High-risk halve-their-life alt-aggro finisher; morph; honest fragile combo-y payoff; Cleric	ONS-block	1145	9725	0	0	0	0	ONS		Halves opponent life on connect; pays own life; swingy-but-fragile
Embalmed Brawler	{2}{B}	3	Creature — Zombie	B	B	Mono-B		Amplify Zombie payoff; scaling beater with life-loss drawback; tribal build-around	ONS-block	1194	29754	0	0	0	0	LGN		Amplify scaler; honest drawback caps power; Zombie tribal
Faith of the Devoted	{2}{B}	3	Enchantment	B	B	Mono-B		discard/cycle drain engine	N/A	1247	8077	0	0	0	0	AKH, C19, HA4	gy-storm;hellbent	Drain per cycle/discard; honest w/ cycling lands+Raven's Crime
Ghastly Remains	{B}{B}{B}	3	Creature — Zombie	B	B	Mono-B		Amplify Zombie recursion engine; self-returns from GY each upkeep; recurring fodder/threat	ONS-block	1248	28233	0	0	0	0	LGN		User-named Zombie recursion; Amplify scaler; endless sac fodder
Gravegouger	{2}{B}	3	Creature — Nightmare Horror	B	B	Mono-B		Temporary GY-exile body; tempo GY-hate vs threshold/reanimator; sac-synergy (returns on death)	ODY-block	1129	28074	0	0	0	0	TOR		Soft GY-hate body; sac it to flicker the exile; interactive
Hollow Specter	{1}{B}{B}	3	Creature — Specter	B	B	Mono-B		Evasive scalable hand-disruption; flyer that strips chosen cards on combat damage; discard payoff	ONS-block	1258	23607	0	0	0	0	LGN		Specter discard clock; mana-sink targeted disruption; slow grind
Iron Maiden	{3}	3	Artifact		B	Mono-B	B	Black Vise hitting ALL opponents; X = hand - 4 each upkeep	N/A	1129	8447	0	0	0	0	SLD, ULG		SURPLUS. Functionally = Black Vise in 1v1; pick ONE for singleton. Vise cheaper.
Megrim	{2}{B}	3	Enchantment	B	B	Mono-B		discard punisher (damage)	N/A	1258	2609	0	0	0	0	10E, 7ED, 8ED, 9ED, DPA, M10, PS11, STH	prison;wheel	Opp discard -> 2 dmg; redundant w/ Caress, both fine surplus
Misers' Cage	{3}	3	Artifact		B	Mono-B	B	softer flooded-hand punisher: 2 dmg if opponent has 5+ cards	N/A	1093	19264	0	0	0	0	MIR		COLORSHIFT->B. Lower threshold (5) than Ebony Owl; redundant-ish, surplus.
Necrogen Mists	{2}{B}	3	Enchantment	B	B	Mono-B		symmetric per-upkeep discard	N/A	1227	6347	0	0	0	0	MRD, SLD	hellbent;prison	Fuels your madness/hellbent while emptying opp
Necropotence	{B}{B}{B}	3	Enchantment	B	B	Mono-B		hellbent enabler (flag #16)	N/A	1348	503	0	1	0	0	5ED, DKM, EMA, ICE, IMA, ME2, OLEP, PTC, SLC, V09, VMA, WOT	hellbent	Iconic empty-hand engine BUT camps board = #16 tension; flag
Organ Grinder	{2}{B}	3	Creature — Zombie	B	B	Mono-B		GY-storm drain finisher; exile 3 GY cards to drain 3; honest repeatable reach; mill payoff	ODY-block	1190	29236	0	0	0	0	TOR	gy-storm	Converts fat GY into damage; slow inevitability; GY-storm reach
Phyrexian Arena	{1}{B}{B}	3	Enchantment	B	B	Mono-B		Iconic pay-life-each-turn draw engine: bleed 1 life per extra card. The clean life-as-resource staple.	N/A	1353	97	0	0	0	0	8ED, 9ED, APC, C15, CC2, CN2, DDE, FDN, HA1, HOP, MKC, ONE, PFDN, PLST, PONE, SLD, TD0, WC01		Power UPPER BOUND (elo 1353); cleanest pay-life engine. Borderline-strong; cut first if too efficient.
Rotlung Reanimator	{2}{B}	3	Creature — Zombie Cleric	B	B	Mono-B		Aristocrats token engine; dies-trigger Cleric makes 2/2 Zombies; pairs Cabal Archon/Smokestack	ONS-block	1235	15113	0	0	0	0	ONS		Engine: Cleric death -> Zombie token; feeds sac outlets repeatedly
Smokespew Invoker	{2}{B}	3	Creature — Zombie Mutant	B	B	Mono-B		Mana-sink -3/-3 removal on a Zombie body; late-game inevitability; tribal	ONS-block	1172	29941	0	0	0	0	LGN		Expensive repeatable removal; Zombie for tribal; slow value
Tainted Remedy	{2}{B}	3	Enchantment	B	B	Mono-B		Anti-lifegain: opponents' lifegain becomes lifeloss. Life-matters hatebear + Mirror Universe synergy.	N/A	1227	6638	0	0	0	0	EA1, ORI		Non-creature. Punishes opponent lifegain; combos with giving them your low total.
Treacherous Werewolf	{2}{B}	3	Creature — Werewolf Minion	B	B	Mono-B		Vanilla-until-threshold 3/3-equivalent; cheap GY payoff body with death drawback	ODY-block	1143	30386	0	0	0	0	JUD, PLST		Threshold beater; downside on death keeps it fair
Underworld Connections	{1}{B}{B}	3	Enchantment — Aura	B	B	Mono-B		Land becomes a pay-1-life draw engine. Slow, grindy life-as-resource advantage.	N/A	1210	4792	1	0	0	0	C15, C17, DDM, PW24, RTR, VOC		Aura on a land; inert without a land but trivially enabled. Low power.
Underworld Dreams	{B}{B}{B}	3	Enchantment	B	B	Mono-B	B	draw punisher (symmetric)	N/A	1218	1418	0	0	0	0	10E, 8ED, 9ED, DPA, LEG, M10, P2HG, PRM, PS11, SLD, THB	prison	Opp draw -> 1 dmg; you skip draws via hellbent/Necro
Unspeakable Symbol	{1}{B}{B}	3	Enchantment	B	B	Mono-B		In-block pay-life mana sink: pay 3 life for a +1/+1 counter, repeatable. Lowers own life for Death's Shadow.	ONS-block	1150	5874	0	0	0	0	PLST, SCG		In-block (SCG). Counters + life-as-resource; self-lowers life synergy.
Walking Desecration	{2}{B}	3	Creature — Zombie	B	B	Mono-B		Repeatable goad-by-type; forces attacks to enable aristocrats/blocks; political tempo tool; Zombie	ONS-block	1118	26384	0	0	0	0	ONS		Forced-attack lever; opens blocks for removal/aristocrats; decision tool
Wheel of Torture	{3}	3	Artifact		B	Mono-B	B	The Rack hitting ALL opponents; X = 3 - hand size each upkeep	N/A	1087	16642	0	0	0	0	PLST, ULG		SURPLUS. Near-dup of The Rack in 1v1; choose one for singleton.
Yawgmoth's Will	{2}{B}	3	Sorcery	B	B	Mono-B		one-shot GY replay (judge #16)	N/A	1384	2554	0	1	0	0	G07, PRM, USG, VMA, WC00, WC99	gy-storm;storm	Spent sorcery, EOT exile = honest one-shot; flag for review
Zombie Trailblazer	{B}{B}{B}	3	Creature — Zombie Scout	B	B	Mono-B		Zombie tap-engine grants swampwalk/manafix; tribal evasion enabler; pairs Filth/Shade	ODY-block	1167	14338	0	0	0	0	TOR		Zombie-tribal swampwalk enabler; turns tokens into evasion; synergy hub
Balthor the Defiled	{2}{B}{B}	4	Legendary Creature — Zombie Dwarf	B	B	Mono-B		One-shot mass reanimation (B/R) STAPLED to exiling Balthor; honest spent payoff; Minion lord	ODY-block	1261	9076	0	0	0	0	JUD, SLD	gy-storm;reanimator	Reanimation commitment spent (exiles self); symmetric; not a value camp
Brink of Madness	{2}{B}{B}	4	Enchantment	B	B	Mono-B		hellbent payoff (strip opp hand)	N/A	1172	25376	0	0	0	0	PLST, ULG	hellbent	Empty hand -> opp discards hand; sac-fires, one-shot-ish
Cabal Surgeon	{2}{B}{B}	4	Creature — Human Minion	B	B	Mono-B		GY-fueled creature recursion-to-hand; rebuys sac fodder; threshold tension (exiles own GY)	ODY-block	1083	28886	0	0	0	0	TOR		Repeatable creature buyback; self-GY-exile is honest cost
Cursed Rack	{4}	4	Artifact		B	Mono-B	B	lock piece: sets a chosen opponent's max hand size to 4 (caps their wheel)	N/A	1204	21670	0	0	0	0	4BB, 4ED, ATQ, ME1, REN, RIN		COLORSHIFT->B. Hand-size LOCK; forces discards into The Rack range. Slow, fragile.
Deathmark Prelate	{3}{B}	4	Creature — Human Cleric	B	B	Mono-B		Repeatable Zombie-sac removal; pairs Rotlung Zombie tokens; aristocrats removal engine	ONS-block	1170	26357	0	0	0	0	LGN		Sac-outlet removal; eats Rotlung tokens; slow grindy control
Earsplitting Rats	{3}{B}	4	Creature — Rat	B	B	Mono-B		ETB symmetric discard + discard-to-regen recursion; madness/hellbent enabler body	ODY-block	1188	20964	0	0	0	0	JUD	gy-storm;madness	Repeatable self-discard outlet (madness/threshold/hellbent enabler)
Famished Ghoul	{3}{B}	4	Creature — Zombie	B	B	Mono-B		Sac fodder + GY-hate; self-sac to exile cards; aristocrats body that disrupts threshold mirror	ODY-block	1136	30682	0	0	0	0	ODY		Body + on-demand GY exile; sac fodder with utility
Filth	{3}{B}	4	Creature — Incarnation	B	B	Mono-B		GY-static evasion engine; from-GY grants team swampwalk; self-mill/sac payoff, alpha-strike enabler	ODY-block	1252	4699	0	0	0	0	JUD, PLST	aggro;gy-storm	Incarnation; best in GY; rewards milling/discarding it
Gloomdrifter	{3}{B}	4	Creature — Zombie Minion	B	B	Mono-B		Threshold -2/-2 anthem-sweep flyer; GY payoff board-control; Zombie tribal flyer	ODY-block	1164	26302	0	0	0	0	TOR		Threshold ETB mini-Plague; mono-B punisher; needs GY online
Greed	{3}{B}	4	Enchantment	B	B	Mono-B		Low-power pay-life draw engine: the honest mana/life sink for the life-resource deck.	N/A	1205	2072	0	0	0	0	4BB, 4ED, 6ED, 7ED, C13, C21, LEG, MH2, REN, SLD		Non-creature. Slow {B}+2 life per card; era-appropriate Necropotence-lite.
Grinning Demon	{2}{B}{B}	4	Creature — Demon	B	B	Mono-B		Aggressive 6/6 with upkeep life-loss drawback; morph; honest beefy beater (not a bomb)	ONS-block	1255	19413	0	0	0	0	ONS		6/6 for 4 with real life-drawback; morph trick; aggressive top
Haunted Cadaver	{3}{B}	4	Creature — Zombie	B	B	Mono-B		Sac-for-discard-three on combat connect; morph; hand-attack + sac synergy; Zombie	ONS-block	1189	26928	0	0	0	0	ONS		Connect -> sac -> discard 3; doubles as sac fodder; morph
Ill-Gotten Gains	{2}{B}{B}	4	Sorcery	B	B	Mono-B		wheel + GY recursion (storm)	N/A	1181	13707	0	0	0	0	CNS, USG	gy-storm;storm;wheel	Empties hands, regrows 3 from GY; storm engine glue
Infernal Caretaker	{3}{B}	4	Creature — Human Cleric	B	B	Mono-B		Zombie mass-recursion via morph; refuels tribal/aristocrats; slow value engine	ONS-block	1107	27964	0	0	0	0	LGN		Bulk Zombie reanimation-to-hand; morph hides it; grindy
Lich	{B}{B}{B}{B}	4	Enchantment	B	B	Mono-B		Iconic fragile life-as-resource: drop to 0, survive, gain=draw. Dies = you lose. Build-around.	N/A	1128	19381	0	0	0	0	2ED, 30A, CED, CEI, LEA, LEB, ME4		Non-creature. Extremely fragile (any damage/removal can kill you). On-philosophy.
Nihilistic Glee	{2}{B}{B}	4	Enchantment	B	B	Mono-B		hellbent card-advantage + drain	N/A	1093	25581	0	0	0	0	DIS	hellbent	Empty-hand card draw + discard drain; honest grind
Painbringer	{2}{B}{B}	4	Creature — Human Minion	B	B	Mono-B		GY-fueled -X/-X removal; threshold/self-mill payoff; sac-your-graveyard finisher-removal	ODY-block	1167	28799	0	0	0	0	ODY		Scaling -X/-X off GY; rewards self-mill; honest one-tap-per-turn
Psychotic Haze	{2}{B}{B}	4	Instant	B	B	Mono-B		madness sweeper (in-block)	N/A	1128	17565	0	0	0	0	TOR	madness	Block madness payoff; pings board+players
Shambling Swarm	{1}{B}{B}{B}	4	Creature — Horror	B	B	Mono-B		-1/-1 plague on death; sac it for a board-sweep of three -1/-1 counters; aristocrats removal	ODY-block	1192	24556	0	0	0	0	TOR		User-named plague; death-trigger -1/-1 spread; combos sac outlets
Stunning Reversal	{3}{B}	4	Instant	B	B	Mono-B		Anti-loss + set self to 1: dodge lethal, draw 7, then swap 1-life away with Mirror Universe.	N/A	1198	11233	0	0	0	0	BBD		One-shot instant; sets you to 1 = explicit Mirror Universe / Death's Shadow enabler.
Tendrils of Agony	{2}{B}{B}	4	Sorcery	B	B	Mono-B		Line A storm kill — drain 2 per prior spell, gain life	ONS-block	1263	5488	0	0	0	0	F08, MB2, PEWK, PRM, SCG, SLD, STA, VMA	adnauseam-storm;gy-storm;storm	SCG printing = in-block; mono-B storm payoff, lifegain offsets Ad Nauseam
Tendrils of Corruption	{3}{B}	4	Instant	B	B	Mono-B		removal + lifegain (Swamps)	N/A	1215	8727	0	0	0	0	C14, DDD, DDE, DDR, GVL, HA1, M10, PLST, TSP, TSR	control	Swamp-count removal; mono-B glue, not combo
Viseling	{4}	4	Artifact Creature — Phyrexian Construct		B	Mono-B	B	CUT CANDIDATE: Iron Maiden on a body; out-of-block + redundant	Out-exception	1134	10627	0	0	0	1	C13, NEM		RECOMMEND CUT: violates creature rule (NEM Construct) AND duplicates Iron Maiden.
Whispering Shade	{3}{B}	4	Creature — Shade	B	B	Mono-B		Classic mana-sink Shade; swampwalk evasion; floods soak into a clock; honest low-power threat	ODY-block	1180	26979	0	0	0	0	ODY		Mana-sink Shade with evasion; rewards flooding; iconic 90s feel
Ad Nauseam	{3}{B}{B}	5	Instant	B	B	Mono-B		Centerpiece — draw a chunk (or whole library) at life cost	N/A	1349	1305	0	0	0	0	2XM, ALA, SOA	adnauseam-modern-draw-out;adnauseam-storm;combo;storm	Package centerpiece; honest spell, cast-and-spent (#4/#16)
Dark Petition	{3}{B}{B}	5	Sorcery	B	B	Mono-B		Tutor that refunds BBB with spell mastery — finds Ad Nauseam, semi-rituals	N/A	1256	3830	0	0	0	0	ORI, PIO, PORI, SCH, SLD	adnauseam-storm	Slow build-around tutor (spell mastery) — on-theme vs Demonic Tutor (excluded)
Grotesque Hybrid	{4}{B}	5	Creature — Zombie	B	B	Mono-B		Discard-outlet deathtouch-style evasive threat; madness/hellbent enabler; repeatable self-discard	ODY-block	1206	27523	0	0	0	0	TOR		Free repeatable discard outlet + evasion; fuels madness/hellbent
Promise of Power	{2}{B}{B}{B}	5	Sorcery	B	B	Mono-B		One-shot life-as-resource: draw 5 lose 5, or a demon. Honest, spell-stapled.	N/A	1153	12279	0	0	0	0	C14, DDC, DVD, MRD, PLST		Modal spell; the draw-5-lose-5 mode is the life-resource line.
Sanguine Bond	{3}{B}{B}	5	Enchantment	B	B	Mono-B		Lifegain-to-drain payoff: gain life, opponent loses that much. Pairs with Cleric lifegain shell.	N/A	1196	492	0	0	0	0	C13, C17, C21, IMA, LTC, M10, M14, SLD, TSR, WOT		Named. Kept SINGLE copy of this effect (excluded Vito/Defiant Bloodlord). NO Exquisite Blood (infinite).
Street Wraith	{3}{B}{B}	5	Creature — Wraith	B	B	Mono-B		Free cantrip via cycle for 2 life — +1 storm count, thins/digs	Out-exception	1291	5402	0	0	0	1	A25, DMR, FUT, MB2, MMA, PLST, TSR	adnauseam-storm	Out-of-block creature but only ever cycled (free storm cantrip, 2 life); never hard-cast
Aphetto Vulture	{4}{B}{B}	6	Creature — Zombie Bird	B	B	Mono-B		Zombie recursion on death; flying body; reloads aristocrats; tribal value	ONS-block	1134	27635	0	0	0	0	ONS		Death-trigger Zombie recur; sac it to rebuy itself/another Zombie
Gibbering Descent	{4}{B}{B}	6	Enchantment	B	B	Mono-B		hellbent payoff (symmetric drain+mill)	N/A	1146	15419	0	0	0	0	FUT	hellbent;madness	Hellbent skips upkeep cost; madness self-cast. Drain engine
Silent Specter	{4}{B}{B}	6	Creature — Specter	B	B	Mono-B		Evasive double-discard finisher; morph for surprise; top-end hand-attack; discard payoff	ONS-block	1251	22167	0	0	0	0	ONS, PONS, PRM		Hippie-on-steroids discard flyer; morph adds trickery; fair top-end
Wound Reflection	{5}{B}	6	Enchantment	B	B	Mono-B		Life-loss doubler: opponents lose again at end step what they lost this turn. Drain amplifier.	N/A	1203	1927	0	0	0	0	2XM, SHM, WHO		Named. Slow 6-drop payoff; pairs with any drain/burn.
Price of Knowledge	{6}{B}	7	Enchantment	B	B	Mono-B		top-end flooded-hand payoff: each opp upkeep takes dmg = their hand size	N/A	1180	11883	0	0	0	0	C13		7-mana haymaker; Iron Maiden with no -4. Slow finisher for the wheel pile.
Repay in Kind	{5}{B}{B}	7	Sorcery	B	B	Mono-B		Set everyone to the lowest life total: one-shot symmetrical reset, you set up to win. Honest spell.	N/A	1148	7631	0	0	0	0	PLST, ROE		One-shot. Pairs with your own low life as the floor; then drain them out.
Zombie Brute	{6}{B}	7	Creature — Zombie	B	B	Mono-B		Top-end Amplify Zombie trampler; tribal payoff/finisher; slow honest beater	ONS-block	1206	28940	0	0	0	0	LGN		Big dumb Amplify trample finisher; 7-drop keeps it slow
Profane Transfusion	{6}{B}{B}{B}	9	Sorcery	B	B	Mono-B		Mono-black Mirror Universe on a spell: swap totals + make a token of the gap. Honest one-shot finisher.	N/A	1121	7094	0	0	0	0	CMR, PRM		Spell-stapled life swap; expensive, fair. Black version of the Mirror finisher.
Shadow of Mortality	{13}{B}{B}	15	Creature — Avatar	B	B	Mono-B		Nearest equivalent to nonexistent 'Shadow of the Industry': cheaper the lower your life.	Out-exception	1177	4440	0	0	0	1	PRM, PSNC, SNC		'Shadow of the Industry' NOT in DB; this is the closest low-life payoff. Out-of-block.
Birchlore Rangers	{G}	1	Creature — Elf Druid Ranger	G	G	Mono-G		Tap-two-Elves ramp (any color); High Tide fuel	ONS-block	1246	11320	0	0	0	0	ONS, PSAL		Elf mana; fixes for splashes + big-X.
Carpet of Flowers	{G}	1	Enchantment	G	G	Mono-G		Anti-blue ramp (fuels big-X / High Tide hate)	N/A	1312	1194	0	0	0	0	FCA, PLST, SLD, USG, WHO	anti-Island;big-mana sink;ramp	Cross-ref the High Tide/Islands archetype; green ramp vs blue prison
Diligent Farmhand	{G}	1	Creature — Human Druid	G	G	Mono-G		Sac-ramp dork; fixes + thins	ODY-block	1285	11503	0	0	0	0	ODY, PLST		Early body, later ramp/fix; sac fodder.
Elvish Pioneer	{G}	1	Creature — Elf Druid	G	G	Mono-G		ETB extra land; 1-drop Elf for tribe	ONS-block	1276	9432	0	0	0	0	8ED, ONS, PRM		Elf body + ramp; enables tribal + ramp.
Helix Pinnacle	{G}	1	Enchantment	G	G	Mono-G		Green counter alt-win (tower → 100 = win); big-mana sink	N/A	1219	4524	1	0	1	0	EVE, PLST, SLD, SPG	big-mana sink;counter alt-win;proliferate	Glacial green wincon = pure mana sink; perfect Braid-of-Fire payoff; #12
Ivy Elemental	{X}{G}	1	Creature — Elemental	G	G	Mono-G		X counter body; mana sink + mover target	ODY-block	1159	17320	0	0	0	0	HOP, IKO, IMA, ODY		Ramp payoff + big counter pile to shuffle around.
Krosan Wayfarer	{G}	1	Creature — Human Druid	G	G	Mono-G		Sac for extra land drop; cheap dork body	ODY-block	1251	11103	0	0	0	0	JUD		One-shot ramp body; helps land-heavy ramp.
Elvish Vanguard	{1}{G}	2	Creature — Elf Warrior	G	G	Mono-G		Counter-grower off Elf ETBs	ONS-block	1196	14024	0	0	0	0	DDU, EMA, ONS, PSAL, SLD		Counter accrual + Elf flood; snowballs slowly.
Forcemage Advocate	{1}{G}	2	Creature — Centaur Shaman	G	G	Mono-G		Repeatable counter placer (advocate cost)	ODY-block	1124	25013	0	0	0	0	JUD		Drip counters each turn; symmetric drawback honest.
Ironshell Beetle	{1}{G}	2	Creature — Insect	G	G	Mono-G		Seeds a +1/+1 counter; cheap mover target	ODY-block	1144	18728	0	0	0	0	GRN, J22, JMP, JUD		Counter seeder for movers; fragile 2-drop.
Werebear	{1}{G}	2	Creature — Human Bear Druid	G	G	Mono-G		Mana dork; threshold beater payoff	ODY-block	1376	7921	0	0	0	0	DMR, EMA, ODY, PLST, TD0, WC02		Ramp early, 4/4 late; fuels big-red X.
Wirewood Elf	{1}{G}	2	Creature — Elf Druid	G	G	Mono-G		Mana dork; also an Elf for tribal	ONS-block	1341	15900	0	0	0	0	ONS		Llanowar-on-an-Elf; ramp + tribe count.
Wirewood Herald	{1}{G}	2	Creature — Elf	G	G	Mono-G		Sac-to-tutor Elf; chains flood pieces	ONS-block	1164	12238	0	0	0	0	DD1, EVG, ONS, PSAL		Body + Elf tutor; fuels tribal flood.
Wirewood Hivemaster	{1}{G}	2	Creature — Elf	G	G	Mono-G		Insect token engine off Elf ETBs	ONS-block	1239	19407	0	0	0	0	LGN, PSAL		Bodies flood off Elf drops; Opposition GW.
Anurid Barkripper	{1}{G}{G}	3	Creature — Frog Beast	G	G	Mono-G		Threshold beater; cheap aggressive body	ODY-block	1164	25628	0	0	0	0	JUD		2/2 to 4/4 threshold; also a Beast for Amplify.
Caller of the Claw	{2}{G}	3	Creature — Elf	G	G	Mono-G		Flash; rebuilds board into Bears after a wrath	ONS-block	1181	11317	0	0	0	0	C15, LGN, PSAL		Anti-sweeper flood; honest one-shot, no camp.
Chlorophant	{G}{G}{G}	3	Creature — Elemental	G	G	Mono-G		Self-growing counter battery for movers	ODY-block	1187	26905	0	0	0	0	ODY		Slow counter accrual; mover fuel + threshold payoff.
Choke	{2}{G}	3	Enchantment	G	G	Mono-G		Anti-mirror hate / Islands-prison turned outward — punishes Islands decks	N/A	1170	16760	0	0	0	0	8ED, MP2, TMP, WC99	high-tide-prison	Hoses opp who got their lands turned to Islands; sideboard-y green hate.
Fierce Empath	{2}{G}	3	Creature — Elf	G	G	Mono-G		Tutors a big payoff; Elf body for tribe	ONS-block	1276	2092	0	0	0	0	2XM, A25, ARC, CMD, CMM, DDU, FDN, M21, PLST, SCG, SLD		Finds top-end after ramp; consistency glue.
Nantuko Elder	{2}{G}	3	Creature — Insect Druid	G	G	Mono-G		Mana dork (adds C+G); fuels big-X	ODY-block	1284	11075	0	0	0	0	ODY, PLST		Two-mana ramp body; powers big-red X spells.
Nantuko Mentor	{2}{G}	3	Creature — Insect Druid	G	G	Mono-G		Repeatable combat pump engine	ODY-block	1176	22540	0	0	0	0	ODY		Doubles power; mana sink for grindy boards.
Phantom Nantuko	{2}{G}	3	Creature — Insect Spirit	G	G	Mono-G		Self-recharging counter shield; trample	ODY-block	1240	16134	0	0	0	0	C13, CMA, J22, JUD		Rebuilds its own shield; mover target too.
Phantom Tiger	{2}{G}	3	Creature — Cat Spirit	G	G	Mono-G		Counter-shield resilient body for Smokestack	ODY-block	1138	22293	0	0	0	0	IMA, JUD, PLST		Counter shield; absorbs damage, endures grind.
Squirrel Mob	{1}{G}{G}	3	Creature — Squirrel	G	G	Mono-G		Squirrel lord payoff for token flood	ODY-block	1212	5996	0	0	0	0	BLC, J21, MH2, ODY, PLST, SLD		Scales with Squirrel tokens; flood payoff.
Timberwatch Elf	{2}{G}	3	Creature — Elf	G	G	Mono-G		Elf-count combat pump; repeatable	ONS-block	1222	4484	0	0	0	0	C14, CMA, DD1, EMA, EVG, KHC, LGN, PLST, PSAL, SLD		Flood payoff; pushes damage in Elf decks.
Wirewood Savage	{2}{G}	3	Creature — Elf	G	G	Mono-G		Beast-matters card draw; Elf+Beast bridge	ONS-block	1276	11848	0	0	0	0	DDD, GVL, ONS		Card flow for Amplify-Beast builds; Elf body.
Canopy Crawler	{3}{G}	4	Creature — Beast	G	G	Mono-G		Amplify counters; team pump from counters	ONS-block	1165	28128	0	0	0	0	LGN		Beast counters + repeatable pump; counter theme.
Forgotten Ancient	{3}{G}	4	Creature — Elemental	G	G	Mono-G		Counter engine + mover for Smokestack endurance	ONS-block	1294	394	0	0	0	0	ARC, BLC, C15, C16, C21, CM2, CN2, DMR, E01, FIC, HOP, J25, MOC, NCC, NEC, PLST, SCG, SLD, SOC		Core counter-mover; spreads to dodge Smokestack sac.
Heedless One	{3}{G}	4	Creature — Elf Avatar	G	G	Mono-G		Elf-count beater payoff for flood	ONS-block	1103	15954	0	0	0	0	DD1, EVG, ONS, PSAL		Grows with Elf flood; fragile, dies to removal.
Krosan Beast	{3}{G}	4	Creature — Squirrel Beast	G	G	Mono-G		Threshold payoff; 8/8 when active	ODY-block	1240	19182	0	0	0	0	ODY, SLD		Huge threshold body; whiffs pre-threshold.
Nantuko Cultivator	{3}{G}	4	Creature — Insect Druid	G	G	Mono-G		Discards lands for counters + cards	ODY-block	1209	12932	0	0	0	0	J21, J22, MH1, OTC, TOR		Counters + card flow; flood-glut fixer.
Phantom Centaur	{2}{G}{G}	4	Creature — Centaur Spirit	G	G	Mono-G		Pro-black counter-shield beater	ODY-block	1226	26030	0	0	0	0	JUD, PLST, TD0, WC02, WC03		Resilient 6/4-equiv vs black; grind endurance.
Quarry Hauler	{3}{G}	4	Creature — Camel	G	G	Mono-G		Counter doubler/mover ETB; Smokestack tech	Out-exception	1085	25419	0	0	0	1	AKH, AKR		Out-exception: explicit counter-mover named in brief; doubles/strips counters.
Springing Tiger	{3}{G}	4	Creature — Cat	G	G	Mono-G		Threshold body; solid honest beater	ODY-block	1127	30041	0	0	0	0	ODY		3/3 to 5/5 with threshold; reliable curve filler.
Symbiotic Elf	{3}{G}	4	Creature — Elf	G	G	Mono-G		Death-flood: two Insects on death	ONS-block	1145	27879	0	0	0	0	ONS, TD2		Three bodies for Opposition; trades up to tokens.
Wirewood Channeler	{3}{G}	4	Creature — Elf Druid	G	G	Mono-G		Elf-count mana battery; fuels big-X + High Tide	ONS-block	1228	3557	0	0	0	0	KHC, LGN, PLST, PSAL		Burst ramp scaling with flood; X-spell fuel.
Metamorphic Wurm	{3}{G}{G}	5	Creature — Elephant Wurm	G	G	Mono-G		Threshold beater payoff	ODY-block	1223	25818	0	0	0	0	ODY		7/7 with threshold; mid threshold payoff.
Saproling Burst	{4}{G}	5	Enchantment	G	G	Mono-G		Fading-counter token engine (green fade payoff; proliferate-able)	N/A	1348	18369	0	0	0	0	NEM, VMA, WC00, WC01	fading;proliferate;tokens	Green fading payoff; proliferate adds fade counters = more/bigger Saprolings
Voice of the Woods	{3}{G}{G}	5	Creature — Elf	G	G	Mono-G		Elf-flood payoff: tap five Elves for 7/7	ONS-block	1200	15121	0	0	0	0	DD1, EVG, J25, KHC, ONS, PSAL		Slow Elf-flood payoff; rewards wide board.
Glowering Rogon	{5}{G}	6	Creature — Beast	G	G	Mono-G		Amplify fatty; counter pile mover target	ONS-block	1131	30275	0	0	0	0	LGN		Big Amplify body; honest top-end Beast.
Nut Collector	{5}{G}	6	Creature — Human Druid	G	G	Mono-G		Squirrel token engine; threshold anthem for flood	ODY-block	1228	7910	0	0	0	0	DMR, ODY, PLST		Squirrel flood for Opposition GW; threshold anthem.
Symbiotic Beast	{4}{G}{G}	6	Creature — Insect Beast	G	G	Mono-G		Death-flood: four Insects; Amplify reveal	ONS-block	1128	19805	0	0	0	0	DMR, ONS, PLST		Five bodies; doubles as Beast card for Amplify.
Barbarian Ring		0	Land		R	Mono-R		threshold burn land (in-block)	N/A	1219	4819	0	0	0	0	MH3, ODY, PD2, PLST	aggro;gy-storm	R + self-ping; threshold 2 dmg any target
Forgotten Cave		0	Land		R	Mono-R		cycling land (discard synergy)	N/A	1184	811	0	0	0	0	40K, BLC, C13, C14, C15, C18, C19, C20, C21, CM2, CMA, CMD, CMR, DD1, DDJ, DDT, EVG, HA2, J22, J25, M3C, MH1, ONC, ONS, PLST, TD0, VMA	gy-storm	R source; cycling fuels Faith of the Devoted/Containment
Burning Inquiry	{R}	1	Sorcery	R	R	Mono-R		symmetric random discard outlet	N/A	1256	3448	0	0	0	0	M10, PLST	gy-storm;madness	1-mana fill GY for both; chaos enabler
Faithless Looting	{R}	1	Sorcery	R	R	Mono-R		discard outlet + flashback	N/A	1395	94	0	0	0	0	BRC, C14, C15, C19, C21, CM2, CMM, DDK, DKA, DMC, EMA, INR, LCC, LTC, M3C, MB2, OTC, PIDW, PLST, PZ1, SIS, SLD, SOC, STA, TDC, UMA	gy-storm	Cheap loot, flashback = 2 discards; storm/GY enabler
Goblin Bookie	{R}	1	Creature — Goblin	R	R	Mono-R		Coin-flip / die reroll enabler (luck-theme support)	Out-exception	1170		0	0	0	1	UGL		Out-exc + SILVER-BORDER (UGL); reroll engine for coin-flip theme. Likely cut unless un-cards allowed.
Goblin Sledder	{R}	1	Creature — Goblin	R	R	Mono-R		Goblin sac outlet; combat trick / death-trigger enabler	ONS-block	1143	11082	0	0	0	0	DD1, EVG, ONS, WC03		Free sac outlet; pumps +1/+1, triggers death payoffs. ONS original.
Mana Clash	{R}	1	Sorcery	R	R	Mono-R		Coin-flip burn (repeat-flip damage); cheap flip generator	N/A	1135	8303	0	0	0	0	4BB, 4ED, 5ED, 7ED, 8ED, 9ED, DRK, REN	burn;coin-flip	Many flips per cast = lots of Chance Encounter luck counters; swingy but low power
Skirk Prospector	{R}	1	Creature — Goblin	R	R	Mono-R		Goblin sac outlet → ritual mana; fuels mana sinks	ONS-block	1212	1341	0	0	0	0	DD1, DDG, DMR, DOM, EVG, ONS, PLST, SLD, VMA, WC03		Sac-a-Goblin for {R}; engine for RG mana sinks. ONS original (missed by TSV reprint filter).
Warbreak Trumpeter	{R}	1	Creature — Goblin	R	R	Mono-R		Morph mana sink → X Goblin tokens (late-game payoff)	ONS-block	1223	21414	0	0	0	0	LGN		{X}{X}{R} unmorph = X Goblins; scalable token mana sink. Low power early.
Braid of Fire	{1}{R}	2	Enchantment	R	R	Mono-R		Big-red mana engine / cumulative-upkeep age-counter payoff (#1 headliner)	N/A	1283	4135	0	0	0	0	CSP, PLST, SLD	big-red mana sink;cumulative-upkeep/age;proliferate	User #1 card: age counters add R each upkeep; proliferate grows the pool
Cathartic Reunion	{1}{R}	2	Sorcery	R	R	Mono-R		discard outlet (bulk)	N/A	1329	1050	0	0	0	0	2XM, ACR, ECC, IKO, KLD, KLR, PLST, SLD, SS3, TLE	gy-storm	Discard 2 draw 3; big GY/threshold filler
Comet Storm	{X}{R}{R}	2	Instant	R	R	Mono-R		Multikicker big-red X mana sink (honest spent payoff)	N/A	1217	1415	0	0	0	0	C15, C17, C20, CMA, CMD, CMR, MM2, P10, PRM, PWWK, WWK	big-red mana sink;burn	Cast-and-spent X-sink for Braid of Fire's surplus; scales but fragile
Dwarven Blastminer	{1}{R}	2	Creature — Dwarf	R	R	Mono-R		Nonbasic-land hate (prison hoser vs Islands plan)	ONS-block	1144	12826	0	0	0	0	ONS, PLST		Morph dwarf; recurring nonbasic LD answers High Tide/Island prison.
Goblin Bomb	{1}{R}	2	Enchantment	R	R	Mono-R		Coin-flip fuse near-win (5 fuse → 20 dmg); flip + counter payoff	N/A	1105	12438	0	0	0	0	WTH	alt-win;coin-flip;fuse counters;proliferate	Flip-fueled 20-damage kill; proliferate or Krark's Thumb accelerate fuses
Goblin Festival	{1}{R}	2	Enchantment	R	R	Mono-R		Coin-flip repeatable ping (flip support for the luck package)	N/A	1120	17509	0	0	0	0	UDS	burn;coin-flip	Repeatable {2} flip-source feeds Chance Encounter; risk of losing it = decisions
Goblin Lookout	{1}{R}	2	Creature — Goblin	R	R	Mono-R		Goblin sac outlet → team pump (aristocrats finisher)	ONS-block	1162	9574	0	0	0	0	LGN		Repeatable sac-for-pump; alpha-strike enabler in goblin token decks.
Grapeshot	{1}{R}	2	Sorcery	R	R	Mono-R		Alt storm kill (R) — 1 damage per prior spell to any target	N/A	1356	714	0	0	0	0	DDS, DMR, MMA, MSC, PLST, SLD, STA, TSP, TSR	adnauseam-storm;storm	R-splash storm finisher; redundant with Tendrils — pick one in singleton final cut
Pardic Miner	{1}{R}	2	Creature — Dwarf	R	R	Mono-R		Sac → one-sided Stone Rain (tempo/stax dwarf)	ODY-block	1234	23976	0	0	0	0	ODY		Sacrifice to deny a land drop; cheap disruptive body, sac-synergy.
Pyretic Ritual	{1}{R}	2	Instant	R	R	Mono-R		ritual (storm mana)	N/A	1300	827	0	0	0	0	M11, PLST, SLD, SOA	storm	+1 R; redundant storm accel
Smoke	{R}{R}	2	Enchantment	R	R	Mono-R		Red Winter Orb for creatures; static one-untap lock.	N/A	1113	6479	0	0	0	0	2ED, 30A, 3ED, 4BB, 4ED, 5ED, CED, CEI, FBB, LEA, LEB, ME4, SUM		Mono-R note: creature-untap lock; lives in Red, not colorless.
Sparksmith	{1}{R}	2	Creature — Goblin	R	R	Mono-R		Goblin-count removal engine (self-damage tension)	ONS-block	1205	19456	0	0	0	0	F03, ONS, PLST, PRM, WC03		Scales with Goblins; symmetric self-burn keeps it honest/low-power. ONS original.
Underworld Breach	{1}{R}	2	Enchantment	R	R	Mono-R		one-shot escape engine (judge #16)	N/A	1546	389	0	1	0	0	MB2, PRM, PTHB, PZA, SLD, SPG, THB	gy-storm;storm	Escape from GY; spent enchant but enables loops—flag
Barbarian Lunatic	{2}{R}	3	Creature — Human Barbarian	R	R	Mono-R		Sac outlet → 2 damage to a creature (removal body)	ODY-block	1094	28957	0	0	0	0	ODY		Self-sac for 2 damage; flexible aristocrat fodder + removal. Low power.
Fiery Gambit	{2}{R}	3	Sorcery	R	R	Mono-R		Coin-flip escalating payoff (flip until lose; tiered rewards)	N/A	1062	6700	0	0	0	0	MRD, PLST	burn;card advantage;coin-flip	Pure flip lottery; huge upside with Krark's Thumb; decision-rich push-your-luck
Fiery Temper	{1}{R}{R}	3	Instant	R	R	Mono-R		madness burn (in-block)	N/A	1363	7757	0	0	0	0	C19, DCI, F16, INR, J21, PLST, PRM, SIR, SOI, TOR, TSB, UMA	madness	TOR madness Shock+; premier red madness card
Game of Chaos	{R}{R}{R}	3	Sorcery	R	R	Mono-R		Coin-flip doubling life swing (push-your-luck)	N/A	1152	7490	0	0	0	0	5ED, ICE, PZ2	coin-flip;life-swing	Escalating flip duel; many flips for Chance Encounter; classic chaos
Goblin Sharpshooter	{2}{R}	3	Creature — Goblin	R	R	Mono-R		Repeatable ping engine; untaps on any death (sac synergy)	ONS-block	1280	3749	0	1	0	0	C13, ONS, PZ1, SLD, SPG, WC03		Strong engine (death-loops w/ Sledder). Prompt-named; watch power, may cut.
Goblin Warchief	{1}{R}{R}	3	Creature — Goblin Warrior	R	R	Mono-R		Goblin glue: cost reducer + haste anthem	ONS-block	1245	2135	0	0	0	0	DD1, DDN, DOM, EVG, F06, F16, J22, PLST, PRM, SCG, VMA, WC03		SCG-legal tribal enabler; tempo-positive. Borderline aggressive, monitor.
Hell-Bent Raider	{1}{R}{R}	3	Creature — Human Barbarian	R	R	Mono-R		discard-outlet beater (in-block)	ODY-block	1157	27932	0	0	0	0	TOR	aggro;gy-storm	Random-discard outlet; on-theme name, pro-white evasion
Lightning Storm	{1}{R}{R}	3	Instant	R	R	Mono-R		Line B kill (R) — discard drawn lands to scale X, burn opponent out	N/A	1200	21278	0	0	0	0	CSP, PLST	adnauseam-modern-draw-out;combo	R splash kill after drawing library; charge-counter sink fits counter theme
Molten Birth	{1}{R}{R}	3	Sorcery	R	R	Mono-R		Coin-flip token maker (win flip = recast); cheap flip + bodies	N/A	1197	10432	0	0	0	0	M14, PLST, UMA	coin-flip;tokens	Always makes 2 bodies; flip-to-rebuy = repeatable flips with no card loss
Seething Song	{2}{R}	3	Instant	R	R	Mono-R		ritual (storm mana)	N/A	1285	8740	0	0	0	0	SOS	storm	+2 R burst for storm turns
Squee, Goblin Nabob	{2}{R}	3	Legendary Creature — Goblin	R	R	Mono-R		recurring discard fuel	Out-exception	1304	4017	0	0	0	1	10E, C19, CMM, MB2, MMA, MMQ, SLC, SOC, UMA	gy-storm;madness	Out-exc: returns from GY each upkeep = infinite discard fodder
Thoughtbound Primoc	{2}{R}	3	Creature — Bird Beast	R	R	Mono-R		Cheap flyer / reach body; wizards-matter tension	ONS-block	1125	30479	0	0	0	0	ONS		Solid 2/3 flyer (air defense/reach); fun control-it-via-Wizards downside.
Volt Charge	{2}{R}	3	Instant	R	R	Mono-R		Red removal + proliferate (counter package in-color)	N/A	1281	7406	0	0	0	0	DDL, NPH, ONE	burn;counter alt-win;proliferate	Red burn that also proliferates; in-color counter accelerant for Chance Encounter
Wheel of Fortune	{2}{R}	3	Sorcery	R	R	Mono-R		wheel (premium)	N/A	1314	11685	0	0	0	0	SOC	storm;wheel	Each draws 7; ELO 1315 ok—fragile sorcery, no engine
Anger	{3}{R}	4	Creature — Incarnation	R	R	Mono-R		GY incarnation (haste anthem)	ODY-block	1274	351	0	0	0	0	AFC, CMA, CMD, DDI, FIC, JUD, LTC, M3C, PLST, PZ1, SLD, SOC, TD0, UMA, WC03	aggro;gy-storm	From GY = team haste; classic discard-to-GY payoff
Blistering Firecat	{1}{R}{R}{R}	4	Creature — Elemental Cat	R	R	Mono-R		One-shot 7-trample burst (honest aggro reach)	ONS-block	1162	17434	0	0	0	0	ONS		Self-sac one-attack Firecat; fragile burst, no lingering value. Morph too.
Bomb Squad	{3}{R}	4	Creature — Dwarf	R	R	Mono-R		In-block fuse-counter ticking removal (doubling fuses)	ODY-block	1127	18968	0	0	0	0	ODY	fuse counters;proliferate;removal	In-block (ODY) fuse engine; proliferate accelerates the bomb; high decision density
Chainflinger	{3}{R}	4	Creature — Beast	R	R	Mono-R		Repeatable pinger; threshold upgrade (graveyard payoff)	ODY-block	1160	30072	0	0	0	0	ODY		Mana-hungry ping; rewards threshold/graveyard theme. Low power.
Chance Encounter	{2}{R}{R}	4	Enchantment	R	R	Mono-R		Red counter alt-win (luck counters → 10 = win); coin-flip anchor	ODY-block	1129	6866	1	0	1	0	MH2, ODY, PLST	coin-flip;counter alt-win	In-block (ODY) red wincon; needs coin-flips + proliferate; errata per #12
Change of Fortune	{3}{R}	4	Sorcery	R	R	Mono-R		discard-then-draw payoff	N/A	1227	5867	0	0	0	0	DBL, PRM, PVOW, VOW	gy-storm;wheel	Empties hand then draws per discard; hellbent refuel
Dwarven Driller	{3}{R}	4	Creature — Dwarf	R	R	Mono-R		Repeatable land destruction (Sinkhole-on-a-stick)	ODY-block	1152	16915	0	0	0	0	JUD		Slow recurring LD with damage tax; supports prison/stax plan.
Embermage Goblin	{3}{R}	4	Creature — Goblin Wizard	R	R	Mono-R		Tutors its twin; slow repeatable ping	ONS-block	1192	27387	0	0	0	0	ONS		Singleton blunts tutor; honest slow pinger; wizards-matter glue.
Empty the Warrens	{3}{R}	4	Sorcery	R	R	Mono-R		Storm payoff making Goblins — board-presence storm, slower/fairer kill	N/A	1230	2524	0	0	0	0	AA2, DDS, DMR, MMA, PLST, SLD, SOA, TSP, TSR	adnauseam-storm;storm	Low-power storm: tokens not instant-kill; fits incremental small-games ethos
Fledgling Dragon	{2}{R}{R}	4	Creature — Dragon	R	R	Mono-R		Threshold flyer payoff + firebreathing (graveyard theme)	ODY-block	1222	20544	0	0	0	0	JUD, MH3		Tiny 2/2 until threshold → 5/5 firebreather flyer. Evasion + GY payoff, not a bomb.
Goblin Psychopath	{3}{R}	4	Creature — Goblin Mutant	R	R	Mono-R		Coin-flip beater (5/5 with self-damage risk)	ONS-block	1104	21886	0	0	0	0	J22, SCG		Big cheap body gated by coin flips; SCG-legal. Decision-intensive risk.
Goblin Traprunner	{3}{R}	4	Creature — Goblin	R	R	Mono-R		Coin-flip token maker on attack (luck + goblins)	Out-exception	1223	7814	0	0	0	1	MH2		Out-exc: only pure coin-flip Goblin token-maker; bridges luck+aristocrat themes.
Heart of Bogardan	{2}{R}{R}	4	Enchantment	R	R	Mono-R		Cumulative-upkeep age-counter time bomb (pay or it blows up)	N/A	1214	29239	0	0	0	0	WTH	big-red mana sink;cumulative-upkeep/age	Pay R-mana each upkeep or it nukes; ties Braid of Fire mana to a clock
Impulsive Maneuvers	{2}{R}{R}	4	Enchantment	R	R	Mono-R		In-block coin-flip combat doubler (flip per attacker)	ODY-block	1117	10573	0	0	0	0	ODY, PLST	coin-flip;combat	In-block (ODY) flip enchantment; many flips per combat for Chance Encounter
Magmatic Core	{2}{R}{R}	4	Enchantment	R	R	Mono-R		Cumulative-upkeep age-counter repeatable damage (Pyroclasm engine)	N/A	1252	28958	0	0	0	0	CSP	big-red mana sink;cumulative-upkeep/age	Growing board-wipe; age counters = damage; Braid of Fire pays the upkeep
Mine Layer	{3}{R}	4	Creature — Dwarf	R	R	Mono-R		Mine-counter land control (counters-matter / stax)	ODY-block	1154	18413	0	0	0	0	ODY		Mine-counter land denial; punishes tapping. Stax/counters theme dwarf.
Pardic Arsonist	{2}{R}{R}	4	Creature — Human Barbarian	R	R	Mono-R		Threshold beater w/ ETB burst (graveyard payoff)	ODY-block	1189	28892	0	0	0	0	TOR		Threshold gives ETB Lightning Bolt; honest graveyard-matters 3/3.
Violent Eruption	{1}{R}{R}{R}	4	Instant	R	R	Mono-R		madness burn (in-block)	N/A	1267	13994	0	0	0	0	C19, PLST, TOR	madness	TOR madness; 4 dmg split when discarded cheaply
Airdrop Condor	{4}{R}	5	Creature — Bird	R	R	Mono-R		Flyer + goblin sac-fling (reach via the air)	ONS-block	1150	28685	0	0	0	0	ONS		Evasive sac outlet; flings Goblin power to any target. Bird tribal bonus.
Reforge the Soul	{3}{R}{R}	5	Sorcery	R	R	Mono-R		wheel + miracle	N/A	1299	1713	0	0	0	0	AVR, C16, INR, PLST	wheel	Wheel; miracle off topdeck. Symmetric refuel
Savage Firecat	{3}{R}{R}	5	Creature — Elemental Cat	R	R	Mono-R		Signature RG mana-sink Firecat (counter mana-sink)	ODY-block	1190	29892	0	0	0	0	ODY		7 counters that drain as you tap lands — inverse mana sink; RG centerpiece.
Siege-Gang Commander	{3}{R}{R}	5	Creature — Goblin	R	R	Mono-R		Goblin payoff: 3 tokens + sac-to-burn reach finisher	ONS-block	1304	1572	0	0	0	0	10E, BLC, DD1, DMR, DOM, EMA, EVG, GNT, LTC, M10, ONC, PDOM, PLST, SCG, TDC, WC03		Iconic goblin top-end; SCG-legal. High elo — strongest red body, monitor.
Skirk Fire Marshal	{3}{R}{R}	5	Creature — Goblin	R	R	Mono-R		Goblin board-reset / lock-break (pro-red, taps 5 Goblins)	ONS-block	1161	12448	0	0	0	0	DD1, EVG, ONS, PLST		Fragile mass-burn reset; needs 5 Goblins. Honest stall-breaker.
Mirror March	{5}{R}	6	Enchantment	R	R	Mono-R		Coin-flip token-copy engine (flip per creature ETB)	N/A	1220	3912	0	1	0	0	PLST, PRNA, RNA	coin-flip;tokens	Flagged too_strong per #4: camps board, repeated free copies each ETB; user judges
Risky Move	{3}{R}{R}{R}	6	Enchantment	R	R	Mono-R		In-block chaos coin-flip (donate-and-flip control swing)	ONS-block	1162	11687	0	0	0	0	ONS, PLST	chaos;coin-flip;politics	In-block (ONS) every-upkeep flip; generates luck counters table-wide; chaotic
Crazed Firecat	{5}{R}{R}	7	Creature — Elemental Cat	R	R	Mono-R		In-block coin-flip body (flip until lose → +1/+1 counters)	ODY-block	1208	17822	0	0	0	0	TOR	+1/+1 counters;coin-flip	In-block (TOR) flip body; ETB flips feed Chance Encounter; proliferate-able
Goblin Dynamo	{5}{R}{R}	7	Creature — Goblin Mutant	R	R	Mono-R		Top-end mana sink: ping then sac for X burn finisher	ONS-block	1164	27040	0	0	0	0	LGN		Expensive X-burn mana sink for big-red; honest one-shot finisher.
Skittish Valesk	{6}{R}	7	Creature — Beast	R	R	Mono-R		In-block coin-flip upkeep body (morph + flip-down risk)	ONS-block	1107	26729	0	0	0	0	ONS	coin-flip;morph	In-block (ONS) recurring upkeep flip = steady Chance Encounter fuel; morph synergy
Aquitect's Will	{U}	1	Kindred Sorcery — Merfolk	U	U	Mono-U		Cheap flood-counter Islands-maker — repeatable denial vector via counter	N/A	1092	6849	0	0	0	0	DDT, LRW, PZ2	high-tide-prison	Flood-counter Island; additive (keeps mana online for you).
Careful Study	{U}	1	Sorcery	U	U	Mono-U		1-mana loot — digs to High Tide / fills yard for Brain Freeze flashback turns	ODY-block	1309	2795	0	0	0	0	ODY, PLST, SLD, WC02, WC03	free-spell-tempo;high-tide-prison	In-block (ODY) cheap dig + cheap storm count.
Gitaxian Probe	{U/P}	1	Sorcery	U	U	Mono-U		Free cantrip — +1 storm count for effectively 0 mana (Phyrexian U or 2 life)	N/A	1528	525	0	0	0	0	F12, MB2, NPH, PLST, PRM, SLD	adnauseam-storm	Free storm-count + cantrip; classic storm enabler, low standalone power
Hapless Researcher	{U}	1	Creature — Human Wizard	U	U	Mono-U		card-advantage	ODY-block	1196	20455	0	0	0	0	JUD		One-drop wizard + discard outlet; bin-fills then replaces itself
High Tide	{U}	1	Instant	U	U	Mono-U		Payoff / ritual engine — the archetype's namesake; doubles Island mana for a turn	N/A	1366	809	0	0	0	0	DMR, FEM, ME1, PIDW, VMA	free-spell-tempo;high-tide-prison	Namesake payoff. Islands-matter ritual; fuels free-spell chains.
Imagecrafter	{U}	1	Creature — Human Wizard	U	U	Mono-U		tempo	ONS-block	1129	14035	0	0	0	0	ONS		One-drop wizard tribal-type enabler; sets up type-matters payoffs
Mystic Remora	{U}	1	Enchantment	U	U	Mono-U		Cumulative-upkeep age-counter card-draw tax (cross-ref blue)	N/A	1525	96	0	0	0	0	DMR, ICE, ME1, SLD, TLE	card advantage;cumulative-upkeep/age	High elo but self-limiting via age counters; blue age-counter anchor
Mystic Speculation	{U}	1	Sorcery	U	U	Mono-U		Buyback scry-3 — repeatable selection + storm-count padder under High Tide	N/A	1264	7704	0	0	0	0	FUT, PLST	free-spell-tempo;high-tide-prison	Recurring cheap spell to set up + build storm count.
Prosperity	{X}{U}	1	Sorcery	U	U	Mono-U		one-shot symmetric draw X; stapled fill for Underworld Dreams / Vise kill	N/A	1220	3676	0	0	0	0	6ED, C13, OLEP, POR, TLE, VIS		Cast-and-spent enabler. With Underworld Dreams it's symmetric Sudden Inspiration.
Sea's Claim	{U}	1	Enchantment — Aura	U	U	Mono-U		Islands-maker — own-ramp + opponent land-denial (turn a dual into a mono Island)	ONS-block	1140	20456	0	0	0	0	9ED, ONS	high-tide-prison	Cheapest permanent Islands-maker. In-block (ONS). Ramp or denial.
Seal of Removal	{U}	1	Enchantment	U	U	Mono-U		Pre-placed bounce; cheap blue enchantment for enchantress/Replenish	Out-exception	1255	6593	0	0	0	0	MH2, NEM, PLST, WC00		1-mana blue enchantment; enchantress fuel, recurring tempo via Replenish
Tidal Warrior	{U}	1	Creature — Merfolk Warrior	U	U	Mono-U		Repeatable Island-maker body — denial/ramp engine on a stick	Out-exception	1157	16684	0	0	0	1	DDT, PLST, STH	high-tide-prison	Out-exception: rare repeatable Islands-maker creature for the theme.
Whispers of the Muse	{U}	1	Instant	U	U	Mono-U		Buyback cantrip — recurring storm fodder + late-game card engine	N/A	1218	14370	0	0	0	0	TMP, TPR, TSB, WC98	free-spell-tempo;high-tide-prison	Repeatable draw; cheap storm count once High Tide is up.
Aphetto Alchemist	{1}{U}	2	Creature — Human Wizard	U	U	Mono-U		card-advantage	ONS-block	1230	5118	0	0	0	0	ONS, PLST		Untaps tap-abilities (Looter twice); combo-y but no fast rocks here
Brain Freeze	{1}{U}	2	Instant	U	U	Mono-U		Mill-storm — deck opponent out, or self-mill toward Labman/Jace	N/A	1502	791	0	0	0	0	MB2, PLST, SCG, SLC, SLD, SOA, VMA	adnauseam-storm;free-spell-tempo;high-tide-prison;mill-storm;self-mill-deck-out	U storm kill (mill); also self-empties library for the draw-out payoffs
Braingeyser	{X}{U}{U}	2	Sorcery	U	U	Mono-U		Classic big-X draw — sorcery-speed High-Tide payoff / mana sink	N/A	1471	11654	0	0	0	0	2ED, 30A, 3ED, CED, CEI, FBB, LEA, LEB, ME4, PRM, SUM	free-spell-tempo;high-tide-prison	Old-school X-draw payoff; redundant w/Stroke, surplus pick.
Cephalid Illusionist	{1}{U}	2	Creature — Octopus Wizard	U	U	Mono-U		mill-enabler	ODY-block	1271	15367	0	0	0	0	PLST, TOR		Core self-mill engine: target it repeatedly to mill, feeds BR + Lab Maniac
Cephalid Vandal	{1}{U}	2	Creature — Octopus Rogue	U	U	Mono-U		mill-enabler	ODY-block	1124	20633	0	0	0	0	TOR		Signature escalating self-mill clock; slow build to threshold/storm fuel
Cloud of Faeries	{1}{U}	2	Creature — Faerie	U	U	Mono-U		Free creature — untaps 2 lands, cycles; the canonical free-spell body	Out-exception	1277	1386	0	0	0	1	DMR, MOC, ULG, VMA, WOC	free-spell-tempo;high-tide-prison	Out-exception: iconic free flyer; refunds mana, cycles if dead.
Compulsion	{1}{U}	2	Enchantment	U	U	Mono-U		Looter that fills GY for Replenish; also sac-draw	ODY-block	1209	13061	0	0	0	0	PLST, TOR, WC03, WOT		In-block (TOR). Discards enchantments into GY for Replenish; itself recurs
Convincing Mirage	{1}{U}	2	Enchantment — Aura	U	U	Mono-U		Flexible type-changer — Island for you / off-color denial vs opponent	N/A	1112	26111	0	0	0	0	M10	high-tide-prison	Choose Island for ramp, or strand opponent's nonbasic.
Escape Artist	{1}{U}	2	Creature — Human Wizard	U	U	Mono-U		tempo	ODY-block	1247	20273	0	0	0	0	ODY		Unblockable wizard, discard outlet + self-bounce for ETB reuse
Hatching Plans	{1}{U}	2	Enchantment	U	U	Mono-U		Self-binning enchantment that draws 3 when destroyed; Seal/sweeper synergy	Out-exception	1285	18813	0	0	0	0	GPT, WOT		Feeds GY for Replenish AND draws; great w/ self-Disenchant (Seal/Aura of Silence)
Information Dealer	{1}{U}	2	Creature — Human Wizard	U	U	Mono-U		card-advantage	ONS-block	1127	17904	0	0	0	0	ONS		Repeatable scry-stacking wizard; scales with wizard count, no card adv
Lingering Mirage	{1}{U}	2	Enchantment — Aura	U	U	Mono-U		Islands-maker with cycling — flexible (denial enabler or pitch late)	N/A	1165	23035	0	0	0	0	USG	high-tide-prison	Islands-maker that cycles if you don't need the lock.
Mana Severance	{1}{U}	2	Sorcery	U	U	Mono-U		Lab Maniac enabler — strip all lands so a big draw decks YOU into the win	N/A	1154	14671	0	0	0	0	TMP	high-tide-prison	Thins lands so Stroke/Braingeyser + Labman draws you out to win.
Merchant Scroll	{1}{U}	2	Sorcery	U	U	Mono-U		Tutor — fetches High Tide / Brain Freeze / a free spell; consistency glue	N/A	1306	2583	0	0	0	0	8ED, HML, J18, MB2, PRM	free-spell-tempo;high-tide-prison	Finds High Tide, Brain Freeze, Snap, Turnabout. Combo glue.
Phantasmal Terrain	{U}{U}	2	Enchantment — Aura	U	U	Mono-U		Type-changer — old-school denial (strand a basic) or own Island	N/A	992	24078	0	0	0	0	2ED, 30A, 3ED, 4BB, 4ED, 5ED, 6ED, CED, CEI, FBB, INV, LEA, LEB, ME4, SUM	high-tide-prison	Properly-old denial. Redundant with Convincing Mirage; surplus.
Reality Spasm	{X}{U}{U}	2	Instant	U	U	Mono-U		Scalable untap — untap X lands as a flexible High-Tide ritual or tap-down	N/A	1226	10859	0	0	0	0	ROE	free-spell-tempo;high-tide-prison	Untap-X-lands ritual; flexible w/ High Tide, also a tempo tap.
Reset	{U}{U}	2	Instant	U	U	Mono-U		Untap-all-lands ritual — huge mana burst with High Tide (Reserved-adjacent jank)	N/A	1186	13748	0	0	0	0	LEG, MB2, ME3	free-spell-tempo;high-tide-prison	Untap all lands; explosive w/ High Tide. Opp-turn restriction.
Riptide Mangler	{1}{U}	2	Creature — Beast	U	U	Mono-U		blocker	ONS-block	1156	27604	0	0	0	0	LGN		Decision-intensive 0/3 wall that can steal a power to attack
Snap	{1}{U}	2	Instant	U	U	Mono-U		Free bounce — untaps 2 lands; tempo + free storm-count under High Tide	N/A	1379	269	0	0	0	0	DDS, DMR, PLST, PRM, SLD, ULG, WOC	free-spell-tempo;high-tide-prison	Free tempo bounce; resets ETBs, pads storm.
Spreading Seas	{1}{U}	2	Enchantment — Aura	U	U	Mono-U		Islands-maker + cantrip — best denial enabler (replaces itself)	N/A	1217	11499	0	0	0	0	PLST, WOT, ZEN	high-tide-prison	Cantrip Islands-maker. Strands opp off colors; ramps you.
Standstill	{1}{U}	2	Enchantment	U	U	Mono-U		ODY-block draw engine / soft lock; refuels the wheel when it breaks	ODY-block	1341	9858	0	0	0	0	MB2, ODY, PIDW, TLE		Actual ODY card. Stax-y draw3; great in a low-creature lock shell. On-philosophy.
Sunken City	{U}{U}	2	Enchantment	U	U	Mono-U		Listed enabler — but is actually a blue-creature anthem w/ upkeep cost	N/A	1037	26791	0	0	1	0	4BB, 4ED, DRK, ME1, REN	high-tide-prison	Real text is +1/+1 anthem, NOT Islands. Needs errata to fit theme.
Tolarian Winds	{1}{U}	2	Instant	U	U	Mono-U		discard-all wheel (off-color)	N/A	1318	3225	0	0	0	0	7ED, BTD, USG	wheel	Discard hand draw that many. Blue—UR/UB home
Triskaidekaphile	{1}{U}	2	Creature — Human Wizard	U	U	Mono-U		HONEST alt-win build-around: win if exactly 13 cards in hand at upkeep	Out-exception	1209	1463	0	0	0	1	BLC, DBL, MID, PMID, PRM, SLD		Out-of-block creature exception: only hand-size alt-win; Puzzle Box/Font hit 13.
Voidmage Prodigy	{U}{U}	2	Creature — Human Wizard	U	U	Mono-U		tempo	ONS-block	1202	13571	0	0	0	0	ONS, P03, PRM, TSB		Wizard-tribal counter on a stick; morph flexibility, fragile
Words of Wisdom	{1}{U}	2	Instant	U	U	Mono-U		Cheap card flow + storm padder — in-block draw that feeds the engine	ODY-block	1223	6558	0	0	0	0	ODY	free-spell-tempo;high-tide-prison	In-block (ODY) cheap draw; nearly free under High Tide.
Arcane Laboratory	{2}{U}	3	Enchantment	U	U	Mono-U		Blue one-spell-per-turn lock	Out-exception	1174	9632	0	0	0	0	7ED, PLST, USG		Blue Rule of Law; redundant — keep whichever color fits final balance
Attunement	{2}{U}	3	Enchantment	U	U	Mono-U		Premier Replenish enabler: bulk-mill enchantments to GY, self-bounces	Out-exception	1242	15469	0	0	0	0	USG, WC00		Classic Replenish combo piece; bins enchantments fast, reusable
Back to Basics	{2}{U}	3	Enchantment	U	U	Mono-U		Prison piece — nonbasics don't untap; asymmetric vs greedy manabases	N/A	1234	5043	0	0	0	0	MB2, SLD, UMA, USG	high-tide-prison	Soft mana prison; you run mostly Islands so it's one-sided.
Blue Sun's Zenith	{X}{U}{U}{U}	3	Instant	U	U	Mono-U		Recurring big-X draw — shuffles back; reusable mill-out / draw payoff	N/A	1266	1704	0	0	0	0	A25, C13, C15, CMA, MBS, STA	high-tide-prison	Reusable X-draw; can iteratively deck an opponent. UUU-heavy.
Callous Oppressor	{1}{U}{U}	3	Creature — Octopus	U	U	Mono-U		tempo	ONS-block	1169	15300	0	0	0	0	ONS		Slow conditional Control Magic on a body; opponent picks the out
Capsize	{1}{U}{U}	3	Instant	U	U	Mono-U		Buyback bounce — grindy soft-lock (bounce a land each turn) + storm engine	N/A	1360	5062	0	0	0	0	F03, MP2, PRM, TD0, TMP, TPR, WC98	free-spell-tempo;high-tide-prison	Recurring bounce = soft prison; mana-hungry, fair at low power.
Cephalid Inkshrouder	{2}{U}	3	Creature — Octopus	U	U	Mono-U		tempo	ODY-block	1124	15437	0	0	0	0	JUD		Discard outlet + evasion; bin-fills and protects key engines
Cephalid Looter	{2}{U}	3	Creature — Octopus Rogue	U	U	Mono-U		card-advantage	ODY-block	1280	18710	0	0	0	0	ODY		Premier repeatable looter; filter + self-mill bin-fill, honest slow
Day's Undoing	{2}{U}	3	Sorcery	U	U	Mono-U		honest one-shot wheel (Timetwister); cast-and-spent refuel, ends your turn	N/A	1385	5713	0	0	0	0	CMM, ORI, PIO, PLST, SLD		HONEST combo piece (rule 4): spent spell, not a board engine. Floods hand -> Vise.
Disruptive Pitmage	{2}{U}	3	Creature — Human Wizard	U	U	Mono-U		tempo	ONS-block	1185	17212	0	0	0	0	ONS		Repeatable soft-counter wizard; morph hides it; low power
Frantic Search	{2}{U}	3	Instant	U	U	Mono-U		Free spell — net-zero mana with 3 Islands+High Tide; loots + storm count	N/A	1445	107	0	0	0	0	C20, CMM, DMR, NCC, PLST, PMEI, SLD, TDC, TLE, ULG, UMA, VMA, WC00, WOC	free-spell-tempo;high-tide-prison	Effectively free under High Tide; dig + storm fuel.
Harbinger of the Seas	{1}{U}{U}	3	Creature — Merfolk Wizard	U	U	Mono-U		Static mass Islands-lock body — all nonbasics become Islands (denial keystone)	Out-exception	1282	3609	0	0	0	1	MAR, MH3, PMH3	high-tide-prison	Out-exception: turns every nonbasic into an Island; strong prison key.
Laboratory Maniac	{2}{U}	3	Creature — Human Wizard	U	U	Mono-U		Line B kill (U) — win on next draw from empty library; NEVER Thassa's Oracle	Out-exception	1304	574	1	0	0	1	FCA, INR, ISD, PLST, SLD, TSR, UMA	ad-nauseam-combo;adnauseam-modern-draw-out;combo;high-tide-prison;self-mill-deck-out	Out-of-block creature: structural deck-out payoff, spec-mandated (#4); fragile 2/2
Mana Short	{2}{U}	3	Instant	U	U	Mono-U		Tempo lock finisher — tap all opp lands + burn their mana; clears the combo turn	N/A	1191	15292	0	0	0	0	2ED, 30A, 3ED, 4BB, 4ED, 6ED, 7ED, CED, CEI, FBB, LEA, LEB, MB2, SUM, WC02	free-spell-tempo;high-tide-prison	Lock their mana for a turn; protects a storm or alpha turn.
Patron Wizard	{U}{U}{U}	3	Creature — Human Wizard	U	U	Mono-U		tempo	ODY-block	1233	10240	1	0	0	0	ODY, PLST, SLD		Wizard-tribal taxing counters; needs board, UUU gates it
Propaganda	{2}{U}	3	Enchantment	U	U	Mono-U		Blue pillowfort tax; buys time for lock/combo assembly	Out-exception	1340	119	0	0	0	0	ACR, AFC, C13, C16, C20, CLB, CMD, FIC, M3C, MSC, OTC, PLST, PZ1, SLD, TMP, WHO		Blue Ghostly Prison; enchantress fuel. Redundant w/ Ghostly Prison (singleton)
Psychic Corrosion	{2}{U}	3	Enchantment	U	U	Mono-U		mill payoff: your every draw mills each opponent 2	N/A	1360	1793	0	0	0	0	M19, PLST, SLD		Surplus mill payoff; redundant-axis with Sphinx's Tutelage, pick to taste.
Riptide Entrancer	{1}{U}{U}	3	Creature — Human Wizard	U	U	Mono-U		tempo	ONS-block	1161	17656	0	0	0	0	ONS		Fragile combat-trigger steal via morph unmorph; must connect first
Shifty Doppelganger	{2}{U}	3	Creature — Shapeshifter	U	U	Mono-U		tempo	ODY-block	1215	27127	0	0	0	0	ODY		Build-around ETB blink engine; fragile, telegraphed, fun
Sphinx's Tutelage	{2}{U}	3	Enchantment	U	U	Mono-U		alt mill payoff: your every draw mills opp 2 (repeats on color match)	N/A	1317	3626	0	0	0	0	ORI, PIO, PLST, SPG		Mill win-axis for the wheel; you draw a lot under Puzzle Box/Howling Mine.
Steady Progress	{2}{U}	3	Instant	U	U	Mono-U		Proliferate + cantrip (blue counter accelerant)	N/A	1206	4846	0	0	0	0	MM2, PLST, SOM	card advantage;counter alt-win;proliferate	Cantrip proliferate; replaces itself while advancing every counter clock
Stroke of Genius	{X}{2}{U}	3	Instant	U	U	Mono-U		Big-X mana sink — the High-Tide payoff; draw huge or deck-out opponent	N/A	1318	3637	0	0	0	0	C14, C15, DMR, JGP, MOC, PLST, PRM, SOC, USG, VMA	free-spell-tempo;high-tide-prison	Instant-speed X-draw payoff; can target opp to deck them.
Unwind	{2}{U}	3	Instant	U	U	Mono-U		Free counter (noncreature) — untaps 3 lands; protects the combo turn	N/A	1293	1052	0	0	0	0	DOM	free-spell-tempo;high-tide-prison	Mana-neutral noncreature counter; combo protection.
Web of Inertia	{2}{U}	3	Enchantment	U	U	Mono-U		GY-taxing pillowfort; in-block blue defensive enchantment	ODY-block	1214	11791	0	0	0	0	JUD, PLST		In-block (JUD). Pillowfort that taxes GY; synergy vs Replenish/flashback foes
Windfall	{2}{U}	3	Sorcery	U	U	Mono-U		wheel (off-color enabler)	N/A	1397	151	0	0	0	0	BRB, C15, C16, C20, CM2, CMD, CMM, IMA, KHC, LCC, OTC, P30A, PLST, PRM, SLD, USG	storm;wheel	Wheel; pairs Megrim/Liliana's Caress. Blue—home in UB/UR
Aphetto Runecaster	{3}{U}	4	Creature — Human Wizard	U	U	Mono-U		card-advantage	ONS-block	1246	15737	0	0	0	0	SCG		Morph-matters card engine; rewards the morph subtheme
Ascending Aven	{2}{U}{U}	4	Creature — Bird Soldier	U	U	Mono-U		tempo	ONS-block	1171	30606	0	0	0	0	ONS		Clean evasive 3/2 flyer with morph; honest tempo beater
Cephalid Sage	{3}{U}	4	Creature — Octopus	U	U	Mono-U		card-advantage	ODY-block	1168	25015	0	0	0	0	EMA, TOR		Threshold payoff for the self-mill plan; rewards full bin
Collective Restraint	{3}{U}	4	Enchantment	U	U	Mono-U		Domain-scaling blue pillowfort tax	Out-exception	1304	6666	0	0	0	0	INV, PLST		Blue Propaganda that scales w/ land types; rewards multicolor manabase
Dreamwinder	{3}{U}	4	Creature — Serpent	U	U	Mono-U		In-block Island-maker body — sac an Island to spread Islands; on-theme but slow	ODY-block	1186	29085	0	0	0	0	ODY	high-tide-prison	In-block (ODY) Islands engine + body; flavor-perfect, low power.
Jace, Wielder of Mysteries	{1}{U}{U}{U}	4	Legendary Planeswalker — Jace	U	U	Mono-U		Backup deck-out win (U) — static replaces empty-library draw with a win	N/A	1335	1071	0	0	0	0	PLST, PRM, PWAR, SLD, WAR	adnauseam-modern-draw-out;self-mill-deck-out	Redundant Labman that survives removal; static is the win-replacement, not value engine
Mistform Seaswift	{3}{U}	4	Creature — Illusion	U	U	Mono-U		tempo	ONS-block	1101	30181	0	0	0	0	LGN		Evasive type-changer with morph; tribal glue, flexible body
Nameless One	{3}{U}	4	Creature — Wizard Avatar	U	U	Mono-U		tempo	ONS-block	1126	25153	0	0	0	0	ONS		Wizard-tribal payoff body; scales with the wizard count, morph
Parallax Tide	{2}{U}{U}	4	Enchantment	U	U	Mono-U		Fading-counter land lock (cross-ref Tangle Wire / Parallax Inhibitor)	N/A	1382	20439	0	0	0	0	NEM, WC00	fading;proliferate;stax/prison	THE missed fading card: temp land lock; proliferate adds fade counters to extend
Possessed Aven	{2}{U}{U}	4	Creature — Bird Soldier Horror	U	U	Mono-U		card-advantage	ODY-block	1155	29364	0	0	0	0	TOR		Threshold evasive payoff with rare blue removal mode (UB leaning)
Rewind	{2}{U}{U}	4	Instant	U	U	Mono-U		Free counter — untaps 4 lands; mana-neutral countermagic for the deck	N/A	1271	995	0	0	0	0	8ED, 9ED, M13, M21, MM3, PAL99, PLST, PRM, SLD, USG, WC04	free-spell-tempo;high-tide-prison	Effectively-free counter; refunds its own cost via untap.
Riptide Director	{2}{U}{U}	4	Creature — Human Wizard	U	U	Mono-U		card-advantage	ONS-block	1140	18028	0	0	0	0	LGN, PLST		Wizard-tribal card-draw payoff; expensive, fragile mana sink
Rising Waters	{3}{U}	4	Enchantment	U	U	Mono-U		Stax-lite prison — one land per upkeep; throttles the table, you adapt around it	N/A	1271	16911	0	0	0	0	NEM, WC00	high-tide-prison	Symmetric land-lock; pairs with cheap free spells you can still cast.
Rummaging Wizard	{3}{U}	4	Creature — Human Wizard	U	U	Mono-U		mill-enabler	ONS-block	1192	30648	0	0	0	0	ONS		Repeatable surveil wizard; selective self-mill + selection engine
Tezzeret's Gambit	{3}{U/P}	4	Sorcery	U	U	Mono-U		Draw-two + proliferate (Phyrexian-mana counter accelerant)	N/A	1298	919	0	0	0	0	C16, C19, CM2, EOC, M3C, MM2, NCC, NPH, OTC, PLST, STA	card advantage;counter alt-win;proliferate	Card draw + proliferate, castable colorless via 2 life; strong counter engine
Turnabout	{2}{U}{U}	4	Instant	U	U	Mono-U		Big mana burst — untap all your lands (net mana w/ High Tide) or tap-down lock	N/A	1355	4132	0	0	0	0	DMR, PIDW, PLST, RVR, USG, VMA	free-spell-tempo;high-tide-prison	Untap-lands ritual engine; also a tempo tap-down lock.
Wonder	{3}{U}	4	Creature — Incarnation	U	U	Mono-U		In-block Islands payoff — graveyard grants flying while you control an Island	ODY-block	1284	839	0	0	0	0	C13, CM2, CMA, CMD, EMA, F07, J21, JUD, MH2, PRM, PZ1, TDC, WC02, WC03	high-tide-prison	In-block (JUD) Islands-matters; self-mill payoff, evasion enabler.
Wormfang Crab	{3}{U}	4	Creature — Nightmare Crab	U	U	Mono-U		blocker	ODY-block	1127	22210	0	0	0	0	JUD		Decision-heavy 3/6 unblockable; hostage drawback rewards blink/sac
Battle of Wits	{3}{U}{U}	5	Enchantment	U	U	Mono-U		Honest alt-win: 200-card library; a deckbuilding-commitment payoff	ODY-block	1098	24084	0	0	0	0	9ED, M13, ODY, PLST, SLD		In-block (ODY) alt-win. Singleton-cube quirk: 200-card library impossible — errata?
Cephalid Aristocrat	{4}{U}	5	Creature — Octopus Noble	U	U	Mono-U		mill-enabler	ODY-block	1167	26582	0	0	0	0	TOR		Bigger Illusionist-style target-to-mill body; secondary enabler
Peregrine Drake	{4}{U}	5	Creature — Drake	U	U	Mono-U		Net-positive mana body — untaps 5 lands; flying clock; combo with flicker	Out-exception	1390	901	0	0	0	1	BBD, DMR, EMA, PC2, PCA, PLST, SLD, USG	free-spell-tempo;high-tide-prison	Out-exception: net +mana w/ High Tide; honest single-body, no auto-loop.
Pulsating Illusion	{4}{U}	5	Creature — Illusion	U	U	Mono-U		card-advantage	ODY-block	1180	30485	0	0	0	0	ODY		Discard-outlet flyer; bin-fills while threatening evasive damage
Riptide Shapeshifter	{3}{U}{U}	5	Creature — Shapeshifter	U	U	Mono-U		card-advantage	ONS-block	1151	22295	0	0	0	0	ONS		Slow creature-tutor body; deck-building puzzle, no immediate value
Aboshan, Cephalid Emperor	{4}{U}{U}	6	Legendary Creature — Octopus Noble	U	U	Mono-U		tempo	ODY-block	1135	19304	0	0	0	0	ODY, PLST		Slow Octopus tribal soft-lock; taps the ground, fragile mana sink
Forced Fruition	{4}{U}{U}	6	Enchantment	U	U	Mono-U		cast-punisher: opponent draws 7 per spell -> floods their hand for Vise/Owl	N/A	1226	2572	0	0	0	0	LRW, PLST, SLD, WOT		Printed mono-U. Mills/overloads opp hand; pairs Black Vise/Ebony Owl as kill.
Mind Over Matter	{2}{U}{U}{U}{U}	6	Enchantment	U	U	Mono-U		EXCLUDED — board-camping engine; untap-lands at will + draw engine = infinite	N/A	1340	8115	0	1	0	0	EXO	free-spell-tempo	REJECT: permanent that camps + goes infinite with draw. Violates honest-combo. too_strong.
Shoreline Ranger	{5}{U}	6	Creature — Bird Soldier Ranger	U	U	Mono-U		In-block flyer with Islandcycling — flexible Island-fetch or beater	ONS-block	1293	21772	0	0	0	0	A25, CNS, EMA, PLST, SCG, TD0	high-tide-prison	In-block (SCG); islandcycle to find an Island or play a 3/4 flyer.
Time Spiral	{4}{U}{U}	6	Sorcery	U	U	Mono-U		EXCLUDED — untap-6-lands + refill hand; free 7-card draw engine, format-warper	N/A	1563	6918	0	1	0	0	PRM, USG	free-spell-tempo	REJECT: near-free Timetwister + ritual; explosive combo enabler. too_strong.
Great Whale	{5}{U}{U}	7	Creature — Whale	U	U	Mono-U		Big untap-7-lands body — top-end mana refund; honest one-shot (no bounce loop)	Out-exception	1335	11458	0	0	0	1	USG	free-spell-tempo;high-tide-prison	Out-exception: Palinchron without self-bounce, so safe at low power.
Palinchron	{5}{U}{U}	7	Creature — Illusion	U	U	Mono-U		EXCLUDED — infinite-mana engine; self-bounce + untap 7 loops with any mana doubler	Out-exception	1374	7559	0	1	0	1	ULG, VMA	free-spell-tempo	REJECT: self-bounce loops to infinite mana w/High Tide. too_strong.
Slipstream Eel	{5}{U}{U}	7	Creature — Fish Beast	U	U	Mono-U		In-block Islands-matters body — cycles early, beats only into Island decks late	ONS-block	1083	25093	0	0	0	0	CM2, CMD, ONS, PLST	high-tide-prison	In-block (ONS) Islands payoff; cycle early, finisher once you flood foe.
Cognivore	{6}{U}{U}	8	Creature — Lhurgoyf	U	U	Mono-U		card-advantage	ODY-block	1159	27033	0	0	0	0	ODY		Instant-graveyard payoff flyer; pairs with BR storm bins, slow top-end
Angel's Grace	{W}	1	Instant	W	W	Mono-W		Line B protection — split-second can't-lose lets Ad Nauseam draw to 1 life	N/A	1154	2060	0	0	0	0	MMA, PLST, PTSR, SOA, TSP, TSR	adnauseam-modern-draw-out	W splash for Modern line; split-second = the correct protector (Everybody Lives! can't)
Children of Korlis	{W}	1	Creature — Human Rebel Cleric	W	W	Mono-W		Recover all life lost this turn: the Ad Nauseam / Mirror Universe payoff (spend life, get it back).	Out-exception	1174	4497	0	0	0	1	TSP, TSR		Out-of-block (TSP) but structural: life-loss recovery for the resource shell; user wants Ad Nauseam line.
Confessor	{W}	1	Creature — Human Cleric	W	W	Mono-W		lifegain	ODY-block	1134	18988	0	0	0	0	ODY	discard-matters;lifegain	Discard-matters lifegain; rewards madness/storm shells.
Dedicated Martyr	{W}	1	Creature — Human Cleric	W	W	Mono-W		lifegain	ODY-block	1132	28564	0	0	0	0	ODY	clerics;lifegain	1-drop Cleric; sac for 3 life buffer vs Mirror Universe.
Deftblade Elite	{W}	1	Creature — Human Soldier	W	W	Mono-W		flood-enabler	ONS-block	1146	21961	0	0	0	0	LGN, PLST, VMA	W-soldiers;go-wide	1-drop Soldier; provoke pulls blockers, unkillable in combat.
Devoted Caretaker	{W}	1	Creature — Human Cleric	W	W	Mono-W		tax	ODY-block	1211	17613	0	0	0	0	ODY	control;protection	1-drop; protects key permanents/lock pieces from spot removal.
Enlightened Tutor	{W}	1	Instant	W	W	Mono-W		Instant toolbox tutor for the lock piece / hate enchantment	Out-exception	1313	122	0	0	0	0	6ED, DMR, EMA, J20, MIR, PAL00, PLST, PRM, TD0, TLE, WC00		Low-power-friendly (card disadvantage, top-of-deck). Consistency for combo
Mystic Penitent	{W}	1	Creature — Human Nomad Mystic	W	W	Mono-W		payoff	ODY-block	1130	30097	0	0	0	0	ODY	aggro;graveyard;threshold	1-drop threshold payoff; becomes 2/2 vig flier when active.
Nova Cleric	{W}	1	Creature — Human Cleric	W	W	Mono-W		tax	ONS-block	1121	21934	0	0	0	0	ONS, PLST	clerics;enchantment-hate	1-drop Cleric; sandbagged enchant-wrath vs Opposition shells.
Soul Warden	{W}	1	Creature — Human Cleric	W	W	Mono-W		lifegain	Out-exception	1309	509	0	0	0	1	10E, 9ED, BRB, EXO, HA1, HOP, M10, MD1, MM3, PLST, PSAL, SLD, SPG, WC98	clerics;go-wide;lifegain	Out-exception: keystone lifegain payoff vs Mirror/Death's Shadow life-loss decks.
Suntail Hawk	{W}	1	Creature — Bird	W	W	Mono-W		flood-enabler	ODY-block	1159	19354	0	0	0	0	10E, 8ED, 9ED, JUD, M14, PS11	WX-birds	1-drop Bird; cheapest flier-count enabler for Aerie.
Tireless Tribe	{W}	1	Creature — Human Nomad	W	W	Mono-W		blocker	ODY-block	1165	10459	0	0	0	0	ODY, PLST	discard-outlet;graveyard	Free discard outlet; bins cards for graveyard/threshold.
Wall of Hope	{W}	1	Creature — Wall	W	W	Mono-W		blocker	ODY-block	1130	13122	0	0	0	0	LGN	lifegain;stall	1-drop wall; lifegain on damage, anti-aggro glue.
Aven Farseer	{1}{W}	2	Creature — Bird Soldier	W	W	Mono-W		payoff	ONS-block	1195	29151	0	0	0	0	SCG	W-morph;WX-birds	Morph-payoff flier; grows on any unmorph.
Beacon of Destiny	{1}{W}	2	Creature — Human Cleric	W	W	Mono-W		Redirect a damage source onto itself: protect your (low) life total. In-block Cleric life shield.	ONS-block	1154	26025	0	0	0	0	LGN		In-block (ONS) Cleric. Life-matters defense; protects Death's Shadow / 1-life lines.
Beloved Chaplain	{1}{W}	2	Creature — Human Cleric	W	W	Mono-W		tax	ODY-block	1237	17901	0	0	0	0	ODY, PLST	auras;clerics;evasion	Unblockable-by-creatures Cleric; aura/equipment carrier.
Catapult Squad	{1}{W}	2	Creature — Human Soldier	W	W	Mono-W		payoff	ONS-block	1173	22899	0	0	0	0	ONS	W-soldiers;go-wide	Soldier-flood payoff; convert bodies into repeatable removal.
Daru Spiritualist	{1}{W}	2	Creature — Human Cleric	W	W	Mono-W		payoff	ONS-block	1130	24701	0	0	0	0	PLST, SCG	clerics;lifegain	Cleric-matters; combos with tap-Cleric prevention engines.
Dawn of a New Age	{1}{W}	2	Enchantment	W	W	Mono-W		Counter-based white card-draw engine; pairs proliferate/enchantress	Out-exception	1314	4042	0	0	0	0	LTR, PLTR		Noncreature any-era OK (LTR). Hope-counter draw; proliferate-matters payoff
Earnest Fellowship	{1}{W}	2	Enchantment	W	W	Mono-W		Quasi-Humility: protection-from-own-colors disrupts combat & auras	ODY-block	1182	19294	0	0	0	0	ODY, PLST		In-block (ODY). Symmetric combat fog/aura-hoser; weird build-around
Exiled Doomsayer	{1}{W}	2	Creature — Human Cleric	W	W	Mono-W		tax	ONS-block	1198	31076	0	0	0	0	SCG	anti-morph;hatebears;taxes	Hoses the morph subtheme; situational tax body.
Greater Auramancy	{1}{W}	2	Enchantment	W	W	Mono-W		Shroud protection for whole enchantment lock shell	Out-exception	1163	2321	0	0	0	0	P22, SHM, WOT		Protects Opalescence/Humility lock from removal; redundant w/ Sterling Grove
Mystic Familiar	{1}{W}	2	Creature — Bird	W	W	Mono-W		blocker	ODY-block	1066	27162	0	0	0	0	TOR	WX-birds;graveyard	Bird body; threshold upgrades to 2/3 pro-black.
Phantom Nomad	{1}{W}	2	Creature — Spirit Nomad	W	W	Mono-W		blocker	ODY-block	1171	25529	0	0	0	0	JUD, PSAL, VMA	W-shields;counters	Phantom shield 2/2; soaks 2 hits. Counter synergy.
Seal of Cleansing	{1}{W}	2	Enchantment	W	W	Mono-W		Pre-placed artifact/enchant removal; enchantment-typed Replenish fodder	Out-exception	1189	3139	0	0	0	0	C15, EMA, F05, MH2, MKC, NEM, PLST, PRM, TD0, VMA, WC00		Enchantress trigger + recurs via Replenish for repeated Disenchant
Soul Echo	{X}{W}{W}	2	Enchantment	W	W	Mono-W		Survive at 0 while echo counters last; counters-matter + life buffer. Fragile, interactive.	N/A	1133	24179	0	0	0	0	MIR		Non-creature. Counter-themed life shield; ties to cube's counters theme.
Soulcatcher	{1}{W}	2	Creature — Bird Soldier	W	W	Mono-W		payoff	ODY-block	1152	13562	0	0	0	0	CNS, EMA, ODY	WX-birds	Bird-flier payoff; grows on any flier death.
Soulcatchers' Aerie	{1}{W}	2	Enchantment	W	W	Mono-W		payoff	ODY-block	1150	6573	0	0	0	0	JUD, PLST	WX-birds	Birds anthem; grows when your Birds die. Build-around.
Sunstrike Legionnaire	{1}{W}	2	Creature — Human Soldier	W	W	Mono-W		tax	ONS-block	1185	16926	0	0	0	0	LGN	W-soldiers;go-wide;tappers	Flood-fueled tapper; each creature ETB re-arms the tap.
Suppression Field	{1}{W}	2	Enchantment	W	W	Mono-W		Activated-ability tax; hoses Smokestack/lantern/sac engines	Out-exception	1124	13054	0	0	0	0	RAV		Symmetric stax; taxes the cube's many activated-ability engines
Whipcorder	{W}{W}	2	Creature — Human Soldier Rebel	W	W	Mono-W		tax	ONS-block	1209	23298	0	0	0	0	F03, ONS, PLST, PRM	W-soldiers;control;tappers	Repeatable tapper Soldier; Opposition-style lock on a body.
Aura of Silence	{1}{W}{W}	3	Enchantment	W	W	Mono-W		Artifact/enchant tax + sac removal; recurring via Replenish	Out-exception	1193	2130	0	0	0	0	10E, C15, F02, PLST, PRM, TD0, WC98, WTH		Hate-piece vs Smokestack/Bridge mirror; Replenish loop = repeat Disenchant
Cage of Hands	{2}{W}	3	Enchantment — Aura	W	W	Mono-W		Reusable creature lockdown; tax-attack tool behind Bridge (#15).	ODY-block	1254	16312	0	0	0	0	C15, CHK, CMR, J22, J25, PC2, PCA		NOTE ONLY: white (ODY); spec #15 tax-attack; belongs Mono-W.
Celestial Dawn	{1}{W}{W}	3	Enchantment	W	W	Mono-W		All-your-lands-Plains fixer — listed enabler; off-axis (Plains not Island)	N/A	1129	16740	0	0	0	0	6ED, MIR, PLST, TSB	high-tide-prison	Brief named enabler but makes Plains, anti-synergy w/High Tide. Weak include.
Dogged Hunter	{2}{W}	3	Creature — Human Nomad	W	W	Mono-W		tax	ODY-block	1202	29375	0	0	0	0	ODY	anti-token;control	Repeatable token removal; hoses Opposition-GW / go-wide.
Ghostly Prison	{2}{W}	3	Enchantment	W	W	Mono-W		White pillowfort tax; core defensive enchantress piece	Out-exception	1294	163	0	0	0	0	C16, C19, C21, CHK, CMD, CN2, F10, KHC, MKC, ONC, PC2, PCA, PLST, PRM, PZ1, SLD, SOC, SPG, TD0, TDC, VOC		White Propaganda; weak creatures make tax bite. Pick one of the pair
Glowrider	{2}{W}	3	Creature — Human Cleric	W	W	Mono-W		tax	ONS-block	1189	14759	0	0	0	0	LGN	control;hatebears;taxes	Body Thalia; taxes spell-based combo/control decks.
Idyllic Tutor	{2}{W}	3	Sorcery	W	W	Mono-W		Enchantment tutor straight to hand; finds Opalescence/Humility/lock	Out-exception	1173	745	0	0	0	0	MOR, PRM, PTHB, SLD, SPG, THB		Slower than Enlightened but to-hand; redundant tutor (singleton OK, surplus)
Karmic Justice	{2}{W}	3	Enchantment	W	W	Mono-W		Deterrent protection: punishes destruction of your noncreature permanents	ODY-block	1186	3713	0	0	0	0	C15, ODY, WOT		In-block (ODY). Taxes opponents for breaking your enchantment lock
Mesa Enchantress	{1}{W}{W}	3	Creature — Human Druid	W	W	Mono-W		The enchantress card-draw engine; no in-block equivalent exists	Out-exception	1218	767	0	0	0	1	C15, CMM, DMR, DSC, EMA, M10, M12, PLC, SLD		Out-exc: archetype draw-engine, zero ODY/ONS enchantress prints. Weak 0/2 body
Mystic Crusader	{1}{W}{W}	3	Creature — Human Nomad Mystic	W	W	Mono-W		payoff	ODY-block	1238	28902	0	0	0	0	ODY	aggro;graveyard;threshold	Threshold payoff; pro-B/R evasive 3/2 flier when active.
Pearlspear Courier	{2}{W}	3	Creature — Human Soldier	W	W	Mono-W		payoff	ONS-block	1165	30734	0	0	0	0	ONS	W-soldiers;go-wide	Soldier pump-anchor; repeatable +2/+2 vigilance buff.
Phyrexian Unlife	{2}{W}	3	Enchantment	W	W	Mono-W		Life buffer at 0 — enables deep Ad Nauseam / Spoils without dying	N/A	1187	6654	0	0	0	0	NPH, SLD, WOT	adnauseam-modern-draw-out;life-loss	Spec-named; W splash buffer (Ad Nauseam past 0). Poison-counter theme bonus
Pilgrim of Virtue	{2}{W}	3	Creature — Human Cleric	W	W	Mono-W		blocker	ODY-block	1207	30133	0	0	0	0	ODY	clerics;lifegain;protection	Pro-black wall Cleric; sac to fog a black source.
Pulsemage Advocate	{2}{W}	3	Creature — Human Cleric	W	W	Mono-W		recursion	ODY-block	1096	15858	0	0	0	0	JUD	control;graveyard-hate;recursion	Self-reanimator; donates 3 cards back but fuels grindy W.
Reborn Hero	{2}{W}	3	Creature — Human Soldier	W	W	Mono-W		recursion	ODY-block	1135	30204	0	0	0	0	TOR	W-soldiers;graveyard;threshold	Threshold recursion; resilient Soldier that buys itself back.
Replenish	{3}{W}	3	Sorcery	W	W	Mono-W		Honest combo payoff: dump enchantments to GY, then mass-reanimate them	Out-exception	1226	9046	0	0	0	0	SOC		Stapled-to-spell payoff (#16-legal). Needs GY-fill; one-shot, fragile
Rule of Law	{2}{W}	3	Enchantment	W	W	Mono-W		One-spell-per-turn lock; slows storm/combo opponents	Out-exception	1210	3391	0	0	0	0	10E, M20, MRD, SLD		Anti-storm lock; functional twin of Arcane Laboratory (pick one)
Solitary Confinement	{2}{W}	3	Enchantment	W	W	Mono-W		Near-hexproof fog-lock; pairs with enchantress/discard-engine card flow	ODY-block	1269	4033	0	0	0	0	JUD, MH2		In-block (JUD). Hard lock vs aggro; needs card-engine to feed discard
Stern Judge	{2}{W}	3	Creature — Human Cleric	W	W	Mono-W		Symmetric Swamp-drain each tap: a slow life-attrition engine in the Cleric shell.	ODY-block	1164	24373	0	0	0	0	TOR	control;land-matters;life-loss	In-block (TOR) Cleric. Punishes Swamps; life-as-attrition in WB.
Story Circle	{1}{W}{W}	3	Enchantment	W	W	Mono-W		Color-based damage prevention lock vs mono-color decks	Out-exception	1188	19751	0	0	0	0	10E, 8ED, 9ED, MMQ		Hard damage lock vs a color; decision-intensive mana sink
Whipgrass Entangler	{2}{W}	3	Creature — Human Cleric	W	W	Mono-W		tax	ONS-block	1020	24293	0	0	0	0	LGN	clerics;control;prison	Cleric-count soft lock; pseudo-Stasis on attackers/blockers.
Aven Cloudchaser	{3}{W}	4	Creature — Bird Soldier	W	W	Mono-W		blocker	ODY-block	1160	20777	0	0	0	0	10E, 8ED, 9ED, ODY	WX-birds;enchantment-hate	Bird flier + ETB enchant removal; honest tempo.
Commander Eesha	{2}{W}{W}	4	Legendary Creature — Bird Soldier	W	W	Mono-W		blocker	ODY-block	1270	15205	0	0	0	0	JUD	WX-birds;stall	Evasive untouchable 2/4; durable stall clock/blocker.
Daru Cavalier	{3}{W}	4	Creature — Human Soldier	W	W	Mono-W		flood-enabler	ONS-block	1114	31228	0	0	0	0	ONS	W-soldiers;go-wide	Singleton-neutered tutor; still a fine first-strike Soldier.
Daru Sanctifier	{3}{W}	4	Creature — Human Cleric	W	W	Mono-W		tax	ONS-block	1077	28207	0	0	0	0	LGN	clerics;enchantment-hate;morph	Morph ambush enchant-removal; flexible vs lock enchantments.
Daru Warchief	{2}{W}{W}	4	Creature — Human Soldier	W	W	Mono-W		payoff	ONS-block	1216	8999	0	0	0	0	SCG	W-soldiers;go-wide	Soldier lord + cost reducer; anchors the flood plan.
Delaying Shield	{3}{W}	4	Enchantment	W	W	Mono-W		Damage -> delay counters; pay or lose life later. In-block damage-to-counter life buffer (named).	ODY-block	1144	14453	0	0	0	0	ODY		In-block (ODY). Damage->counters; counters-matter + life management.
Doubtless One	{3}{W}	4	Creature — Cleric Avatar	W	W	Mono-W		Cleric-count beater that gains life on damage: the lifegain payoff body in the Cleric shell.	ONS-block	1067	20953	0	0	0	0	ONS	clerics;lifegain	In-block (ONS) Cleric. Lifegain -> Sanguine Bond drain; scales with the tribe.
Force Bubble	{2}{W}{W}	4	Enchantment	W	W	Mono-W		Damage -> depletion counters (prevented until 4). In-block damage-to-counter life shield (named).	ONS-block	1182	23998	0	0	0	0	SCG		In-block (SCG). Depletion-counter fog wall; counters theme + survive.
Graceful Antelope	{2}{W}{W}	4	Creature — Antelope	W	W	Mono-W		payoff	ODY-block	1109	26856	0	0	0	0	ODY, PLST	control;evasion;land-matters	Self-enabling evasion; turns opp lands to Plains, mana-screws.
Humility	{2}{W}{W}	4	Enchantment	W	W	Mono-W		Mass ability/stat shutoff; Opalescence partner = 0/0 lock	Out-exception	1215	11351	0	0	0	0	TMP, TPR		Tempest. Layer interaction w/ Opalescence wipes board; classic UW lock
Parallax Wave	{2}{W}{W}	4	Enchantment	W	W	Mono-W		Fading/depletion-counter removal; the missed fading theme	Out-exception	1513	11920	0	0	0	0	NEM, PLST, VMA, WC00		Fading depletion theme. Blink w/ Replenish = permanent exile combo; high Elo
Resilient Wanderer	{2}{W}{W}	4	Creature — Human Nomad	W	W	Mono-W		blocker	ODY-block	1169	29911	0	0	0	0	ODY	discard-outlet;protection	Discard outlet on a body; dodges blocks/removal by color.
Teroh's Faithful	{3}{W}	4	Creature — Human Cleric	W	W	Mono-W		ETB gain 4: the stay-alive Cleric body; trigger for Sanguine Bond and Test of Endurance.	ODY-block	1149	30531	0	0	0	0	TOR, VMA	lifegain;stall	In-block (TOR) Cleric lifegain shell; cheap, on-theme.
Test of Endurance	{2}{W}{W}	4	Enchantment	W	W	Mono-W		In-block alternate win: 50+ life on upkeep wins. Payoff for the Cleric lifegain shell.	ODY-block	1095	3381	0	0	0	0	DMR, JUD, SLD		In-block (JUD) alt-win. The 'gain life to win' end of the axis; slow.
Trap Digger	{3}{W}	4	Creature — Human Soldier	W	W	Mono-W		payoff	ONS-block	1123	30720	0	0	0	0	SCG	control;counters;land-matters	Slow counter engine; land-sac repeatable anti-ground removal.
Ancestor's Prophet	{4}{W}	5	Creature — Human Cleric	W	W	Mono-W		lifegain	ONS-block	1088	21341	0	0	0	0	ONS, PLST	clerics;lifegain	Cleric payoff; big life swings vs life-loss decks.
Aven Warhawk	{4}{W}	5	Creature — Bird Soldier	W	W	Mono-W		flood-enabler	ONS-block	1184	28042	0	0	0	0	LGN	W-soldiers;WX-birds	Amplify scales with Bird/Soldier hand; tribal flier.
Boon Reflection	{4}{W}	5	Enchantment	W	W	Mono-W		Lifegain doubler: amplifies the Cleric shell and Sanguine Bond drain. Weak alone.	N/A	1139	4738	0	0	0	0	2XM, SHM		Non-creature multiplier; pairs with Test of Endurance / Sanguine Bond.
Border Patrol	{4}{W}	5	Creature — Human Nomad	W	W	Mono-W		blocker	ODY-block	1189	29783	0	0	0	0	JUD	stall	1/6 vigilance wall-on-legs; holds ground both ways.
Catapult Master	{3}{W}{W}	5	Creature — Human Soldier	W	W	Mono-W		payoff	ONS-block	1166	10676	0	0	0	0	DDF, ONS	W-soldiers;control;go-wide	Soldier-flood payoff; repeatable exile removal if wide.
Celestial Gatekeeper	{3}{W}{W}	5	Creature — Bird Cleric	W	W	Mono-W		recursion	ONS-block	1165	15101	0	0	0	0	LGN	WX-birds;clerics;recursion	Bird+Cleric reanimation on death; grindy tribal value.
Gustcloak Savior	{4}{W}	5	Creature — Bird Soldier	W	W	Mono-W		payoff	ONS-block	1197	14866	0	0	0	0	DDO, ONS	W-soldiers;WX-birds;go-wide	Gustcloak anchor; ambush-untap whole team, dodges blocks.
Near-Death Experience	{2}{W}{W}{W}	5	Enchantment	W	W	Mono-W		Alternate win: be at exactly 1 life on upkeep. The white life-as-resource win-con build-around.	N/A	1036	15017	0	0	0	0	ROE, V16		Non-creature alt-win (cube spine). Needs precise life control = decision-intensive.
Phantom Flock	{3}{W}{W}	5	Creature — Bird Soldier Spirit	W	W	Mono-W		blocker	ODY-block	1099	22244	0	0	0	0	DMR, JUD, PLST, PSAL	W-shields;WX-birds;counters	Phantom shield flier 3/3; Bird for tribal too.
Sigil of the Empty Throne	{3}{W}{W}	5	Enchantment	W	W	Mono-W		Enchantress payoff: enchantment spells make 4/4 fliers	Out-exception	1278	1284	0	0	0	0	C15, C18, CMM, CON, DSC, HA2, J22, ORI, PC2, PCA, TSR		Top-end wincon for enchantress shell; slow, needs density
Sphere of Safety	{4}{W}	5	Enchantment	W	W	Mono-W		Scaling pillowfort payoff that rewards enchantment density	Out-exception	1196	671	0	0	0	0	C16, DSC, PIO, RTR, RVR, SLD		Enchantress payoff; tax scales w/ shell. Soft-locks combat at density
Starfield of Nyx	{4}{W}	5	Enchantment	W	W	Mono-W		Slow Replenish-on-a-stick + Opalescence-style animation at 5 enchantments	Out-exception	1258	2189	0	0	0	0	CMM, ORI, PIO		Fragile top-end (needs heavy enchant count). Watch repeated-value; gated
Aven Brigadier	{3}{W}{W}{W}	6	Creature — Bird Soldier	W	W	Mono-W		payoff	ONS-block	1194	17181	0	0	0	0	ONS	W-soldiers;WX-birds	Double lord for Birds + Soldiers; WWW topend.
Axis of Mortality	{4}{W}{W}	6	Enchantment	W	W	Mono-W		Upkeep swap any two players' totals: white Mirror Universe build-around; political, low power.	N/A	1071	11192	0	0	0	0	PXLN, XLN		Repeated swap = borderline vs honest-combo rule, but very weak/symmetrical; include w/ scrutiny.
Beacon of Immortality	{5}{W}	6	Instant	W	W	Mono-W		Double your life (shuffles back): huge lifegain spike. With Sanguine Bond it's a one-shot drain.	N/A	1215	2964	0	0	0	0	10E, 5DN, E02, PLST		One-shot. Pushes toward Test of Endurance; Sanguine Bond turns it lethal.
Glarecaster	{4}{W}{W}	6	Creature — Bird Cleric	W	W	Mono-W		payoff	ONS-block	1172	24658	0	0	0	0	ONS	WX-birds;clerics;control	Bird+Cleric flier; redirects damage as a pricey control valve.
Open the Vaults	{4}{W}{W}	6	Sorcery	W	W	Mono-W		Symmetric Replenish variant; also returns artifacts (lantern/lock synergy)	Out-exception	1176	3824	0	0	0	0	2XM, C15, C16, M10, PIP		Symmetric (downside) Replenish; bridges to lantern/artifact lock pieces
Transcendence	{3}{W}{W}{W}	6	Enchantment	W	W	Mono-W		Weird life-as-resource engine: survive at 0, lose at 20, lifeloss becomes huge lifegain. Decision-dense.	ODY-block	1044	12091	0	0	0	0	TOR		In-block (TOR). Perfect on-philosophy build-around; very low power.
Final Payment	{W}{B}	2	Instant	W, B	W/B	Orzhov WB		Pay 5 life (or sac) to destroy a creature: honest life-as-resource removal. Cheap WB interaction.	N/A	1138	14243	0	0	0	0	RNA		Non-creature; the life-paying option is the resource line (also lowers own life).
Karlov of the Ghost Council	{W}{B}	2	Legendary Creature — Spirit Advisor	W, B	W/B	Orzhov WB		Grows on lifegain, eats creatures: turns the Cleric lifegain shell into removal. WB life-matters.	Out-exception	1217	3780	0	0	0	1	C15, PJ21, PZ1, RVR		Out-of-block creature; counters + lifegain payoff. Trim vs Vizkopa if WB slots tight.
Vizkopa Guildmage	{W}{B}	2	Creature — Human Wizard	W, B	W/B	Orzhov WB		Activated Sanguine Bond: this turn, lifegain doubles as drain; also grants lifelink. WB drain engine.	Out-exception	1088	4277	0	0	0	1	C13, GK2, GTC, IMA		Out-of-block creature; the marquee WB life-matters payoff, very low power.
Cliffhaven Vampire	{2}{W}{B}	4	Creature — Vampire Warrior Ally	W, B	W/B	Orzhov WB		Each lifegain pings opponents for 1: a flying WB drain payoff for the lifegain shell.	Out-exception	1107	4852	0	0	0	1	OGW		Out-of-block creature; chosen as the single 'gain->ping 1' copy (excluded Epicure/Blight-Priest).
Vizkopa Confessor	{3}{W}{B}	5	Creature — Human Cleric	W, B	W/B	Orzhov WB		Extort (drain per spell) + pay-life hand disruption ETB: WB life-matters grind. Cleric shell.	Out-exception	1093	22194	0	0	0	1	GTC		Out-of-block creature; extort = WB drain mechanic. Marginal pick, trim first if sparing.
Rain of Gore	{B}{R}	2	Enchantment	B, R	B/R	Rakdos BR		Symmetric anti-lifegain: any controller's lifegain becomes lifeloss. BR life-resource hate.	N/A	1125	18598	0	0	0	0	DIS		Non-creature; BR slot for the anti-lifegain axis. Watch symmetry with own gain.
Ensnaring Bridge	{3}	3	Artifact		B/R	Rakdos BR	B/R	prison anchor (colorshift)	N/A	1294	4879	0	0	0	1	2XM, 7ED, 8ED, A25, LTC, MB2, MPS, STH	hellbent;prison	Colorshift->BR; empty hand = no attackers can hit you
Spiteful Visions	{2}{B/R}{B/R}	4	Enchantment	B, R	B/R	Rakdos BR		symmetric extra-draw + 1 dmg per ANY draw -> turns the wheel into a clock	N/A	1247	2306	0	0	0	0	C13, DSC, SCD, SHM		Hybrid B/R; castable mono-B. Symmetric Underworld Dreams + own enabler; spicy.
Sterling Grove	{G}{W}	2	Enchantment	W, G	G/W	Selesnya GW		Enchantment toolbox tutor + shroud protection for the shell	Out-exception	1252	1169	0	0	0	0	INV, J20, J21, MH2, PRM, TD0		GW gold (counts toward Selesnya). Protects lock; tutors Opalescence/Humility
Opposition	{2}{U}{U}	4	Enchantment	U	G/W	Selesnya GW	GW	Colorshifted tapper-lock fed by a wide creature board.	Out-exception	1369	6158	1	0	0	1	7ED, DMR, MP2, UDS, WC01, WC02		Locked >GW; GW floods creatures by turn four to fuel taps.
Simic Ascendancy	{G}{U}	2	Enchantment	U, G	G/U	Simic UG		UG counter alt-win (growth → 20 = win); +1/+1 payoff	N/A	1169	1265	0	0	0	0	BLC, LCC, PRM, PRNA, RNA, SLD	+1/+1 matters;counter alt-win;proliferate	Self-contained mana sink; turns block's +1/+1 / Amplify into a clock
Tangle Wire	{3}	3	Artifact		U/G	Simic UG	UG	Colorshifted soft-lock; FADE counters are a proliferate target.	Out-exception	1358	7893	0	0	0	1	NEM, SLD, V13, WC00		Locked >UG; Fading 4 counters, UG proliferates to extend lock.
